INSERT INTO
    demos_app.tag_configuration_status
VALUES
    ('Unreviewed'),
    ('Approved');

INSERT INTO
    demos_app.tag_configuration_source
VALUES
    ('User'),
    ('System');

INSERT INTO
    demos_app.tag_type
VALUES
    ('Application'),
    ('Demonstration Type');

INSERT INTO
    demos_app.application_tag_type_limit
VALUES
    ('Application');

INSERT INTO
    demos_app.demonstration_type_tag_type_limit
VALUES
    ('Demonstration Type');

INSERT INTO
    demos_app.tag
VALUES
    ('Aggregate Cap', CURRENT_TIMESTAMP, CURRENT_TIMESTAMP),
    ('Annual Limits', CURRENT_TIMESTAMP, CURRENT_TIMESTAMP),
    ('Basic Health Plan (BHP)', CURRENT_TIMESTAMP, CURRENT_TIMESTAMP),
    ('Behavioral Health', CURRENT_TIMESTAMP, CURRENT_TIMESTAMP),
    ('Beneficiary Engagement', CURRENT_TIMESTAMP, CURRENT_TIMESTAMP),
    ('Children''s Health Insurance Program (CHIP)', CURRENT_TIMESTAMP, CURRENT_TIMESTAMP),
    ('CMMI - AHEAD', CURRENT_TIMESTAMP, CURRENT_TIMESTAMP),
    ('CMMI - Integrated Care for Kids (IncK)', CURRENT_TIMESTAMP, CURRENT_TIMESTAMP),
    ('CMMI - Maternal Opioid Misuse (MOM)', CURRENT_TIMESTAMP, CURRENT_TIMESTAMP),
    ('Community Engagement', CURRENT_TIMESTAMP, CURRENT_TIMESTAMP),
    ('Contingency Management', CURRENT_TIMESTAMP, CURRENT_TIMESTAMP),
    ('Continuous Eligibility', CURRENT_TIMESTAMP, CURRENT_TIMESTAMP),
    ('Delivery System Reform Incentive Payment (DSRIP)', CURRENT_TIMESTAMP, CURRENT_TIMESTAMP),
    ('Dental', CURRENT_TIMESTAMP, CURRENT_TIMESTAMP),
    ('Designated State Health Programs (DSHP)', CURRENT_TIMESTAMP, CURRENT_TIMESTAMP),
    ('Employment Supports', CURRENT_TIMESTAMP, CURRENT_TIMESTAMP),
    ('Enrollment Cap', CURRENT_TIMESTAMP, CURRENT_TIMESTAMP),
    ('End-Stage Renal Disease (ESRD)', CURRENT_TIMESTAMP, CURRENT_TIMESTAMP),
    ('Expenditure Cap', CURRENT_TIMESTAMP, CURRENT_TIMESTAMP),
    ('Former Foster Care Youth (FFCY)', CURRENT_TIMESTAMP, CURRENT_TIMESTAMP),
    ('Global Payment Program (GPP)', CURRENT_TIMESTAMP, CURRENT_TIMESTAMP),
    ('Health Equity', CURRENT_TIMESTAMP, CURRENT_TIMESTAMP),
    ('Health-Related Social Needs (HRSN)', CURRENT_TIMESTAMP, CURRENT_TIMESTAMP),
    ('Healthy Behavior Incentives', CURRENT_TIMESTAMP, CURRENT_TIMESTAMP),
    ('HIV', CURRENT_TIMESTAMP, CURRENT_TIMESTAMP),
    ('Home Community Based Services (HCBS)', CURRENT_TIMESTAMP, CURRENT_TIMESTAMP),
    ('Lead Exposure', CURRENT_TIMESTAMP, CURRENT_TIMESTAMP),
    ('Lifetime Limits', CURRENT_TIMESTAMP, CURRENT_TIMESTAMP),
    ('Long-Term Services and Supports (LTSS)', CURRENT_TIMESTAMP, CURRENT_TIMESTAMP),
    ('Managed Care', CURRENT_TIMESTAMP, CURRENT_TIMESTAMP),
    ('Marketplace Coverage/Premium Assistance Wrap', CURRENT_TIMESTAMP, CURRENT_TIMESTAMP),
    ('New Adult Group Expansion', CURRENT_TIMESTAMP, CURRENT_TIMESTAMP),
    ('Non-Eligibility Period', CURRENT_TIMESTAMP, CURRENT_TIMESTAMP),
    ('Non-Emergency Medical Transportation (NEMT)', CURRENT_TIMESTAMP, CURRENT_TIMESTAMP),
    ('Partial Expansion of the New Adult Group', CURRENT_TIMESTAMP, CURRENT_TIMESTAMP),
    ('Pharmacy', CURRENT_TIMESTAMP, CURRENT_TIMESTAMP),
    ('PHE-Appendix K', CURRENT_TIMESTAMP, CURRENT_TIMESTAMP),
    ('PHE-COVID-19', CURRENT_TIMESTAMP, CURRENT_TIMESTAMP),
    ('PHE-Reasonable Opportunity Period (ROP)', CURRENT_TIMESTAMP, CURRENT_TIMESTAMP),
    ('PHE-Risk Mitigation', CURRENT_TIMESTAMP, CURRENT_TIMESTAMP),
    ('PHE-Vaccine Coverage', CURRENT_TIMESTAMP, CURRENT_TIMESTAMP),
    ('Premium Assistance/Employer-Sponsored Health Insurance (ESI)/Qualified Health Plan (QHP)', CURRENT_TIMESTAMP, CURRENT_TIMESTAMP),
    ('Premiums/Cost-Sharing', CURRENT_TIMESTAMP, CURRENT_TIMESTAMP),
    ('Provider Cap', CURRENT_TIMESTAMP, CURRENT_TIMESTAMP),
    ('Provider Restriction', CURRENT_TIMESTAMP, CURRENT_TIMESTAMP),
    ('ReEntry', CURRENT_TIMESTAMP, CURRENT_TIMESTAMP),
    ('Reproductive Health: Family Planning', CURRENT_TIMESTAMP, CURRENT_TIMESTAMP),
    ('Reproductive Health: Fertility', CURRENT_TIMESTAMP, CURRENT_TIMESTAMP),
    ('Reproductive Health: Hyde', CURRENT_TIMESTAMP, CURRENT_TIMESTAMP),
    ('Reproductive Health: Maternal Health', CURRENT_TIMESTAMP, CURRENT_TIMESTAMP),
    ('Reproductive Health: Post-Partum Extension', CURRENT_TIMESTAMP, CURRENT_TIMESTAMP),
    ('Reproductive Health: RAD', CURRENT_TIMESTAMP, CURRENT_TIMESTAMP),
    ('Retroactive Eligibility', CURRENT_TIMESTAMP, CURRENT_TIMESTAMP),
    ('Serious Mental Illness (SMI)', CURRENT_TIMESTAMP, CURRENT_TIMESTAMP),
    ('Special Needs', CURRENT_TIMESTAMP, CURRENT_TIMESTAMP),
    ('Substance Use Disorder (SUD)', CURRENT_TIMESTAMP, CURRENT_TIMESTAMP),
    ('Targeted Population Expansion', CURRENT_TIMESTAMP, CURRENT_TIMESTAMP),
    ('Tribal', CURRENT_TIMESTAMP, CURRENT_TIMESTAMP),
    ('Uncompensated Care', CURRENT_TIMESTAMP, CURRENT_TIMESTAMP),
    ('Value Based Care (VBC)', CURRENT_TIMESTAMP, CURRENT_TIMESTAMP),
    ('Vision', CURRENT_TIMESTAMP, CURRENT_TIMESTAMP);

INSERT INTO
    demos_app.tag_configuration
VALUES
    ('Aggregate Cap', 'Application', 'System', 'Approved', CURRENT_TIMESTAMP, CURRENT_TIMESTAMP),
    ('Annual Limits', 'Application', 'System', 'Approved', CURRENT_TIMESTAMP, CURRENT_TIMESTAMP),
    ('Basic Health Plan (BHP)', 'Application', 'System', 'Approved', CURRENT_TIMESTAMP, CURRENT_TIMESTAMP),
    ('Behavioral Health', 'Application', 'System', 'Approved', CURRENT_TIMESTAMP, CURRENT_TIMESTAMP),
    ('Beneficiary Engagement', 'Application', 'System', 'Approved', CURRENT_TIMESTAMP, CURRENT_TIMESTAMP),
    ('Children''s Health Insurance Program (CHIP)', 'Application', 'System', 'Approved', CURRENT_TIMESTAMP, CURRENT_TIMESTAMP),
    ('CMMI - AHEAD', 'Application', 'System', 'Approved', CURRENT_TIMESTAMP, CURRENT_TIMESTAMP),
    ('CMMI - Integrated Care for Kids (IncK)', 'Application', 'System', 'Approved', CURRENT_TIMESTAMP, CURRENT_TIMESTAMP),
    ('CMMI - Maternal Opioid Misuse (MOM)', 'Application', 'System', 'Approved', CURRENT_TIMESTAMP, CURRENT_TIMESTAMP),
    ('Community Engagement', 'Application', 'System', 'Approved', CURRENT_TIMESTAMP, CURRENT_TIMESTAMP),
    ('Contingency Management', 'Application', 'System', 'Approved', CURRENT_TIMESTAMP, CURRENT_TIMESTAMP),
    ('Continuous Eligibility', 'Application', 'System', 'Approved', CURRENT_TIMESTAMP, CURRENT_TIMESTAMP),
    ('Delivery System Reform Incentive Payment (DSRIP)', 'Application', 'System', 'Approved', CURRENT_TIMESTAMP, CURRENT_TIMESTAMP),
    ('Dental', 'Application', 'System', 'Approved', CURRENT_TIMESTAMP, CURRENT_TIMESTAMP),
    ('Designated State Health Programs (DSHP)', 'Application', 'System', 'Approved', CURRENT_TIMESTAMP, CURRENT_TIMESTAMP),
    ('Employment Supports', 'Application', 'System', 'Approved', CURRENT_TIMESTAMP, CURRENT_TIMESTAMP),
    ('Enrollment Cap', 'Application', 'System', 'Approved', CURRENT_TIMESTAMP, CURRENT_TIMESTAMP),
    ('End-Stage Renal Disease (ESRD)', 'Application', 'System', 'Approved', CURRENT_TIMESTAMP, CURRENT_TIMESTAMP),
    ('Expenditure Cap', 'Application', 'System', 'Approved', CURRENT_TIMESTAMP, CURRENT_TIMESTAMP),
    ('Former Foster Care Youth (FFCY)', 'Application', 'System', 'Approved', CURRENT_TIMESTAMP, CURRENT_TIMESTAMP),
    ('Global Payment Program (GPP)', 'Application', 'System', 'Approved', CURRENT_TIMESTAMP, CURRENT_TIMESTAMP),
    ('Health Equity', 'Application', 'System', 'Approved', CURRENT_TIMESTAMP, CURRENT_TIMESTAMP),
    ('Health-Related Social Needs (HRSN)', 'Application', 'System', 'Approved', CURRENT_TIMESTAMP, CURRENT_TIMESTAMP),
    ('Healthy Behavior Incentives', 'Application', 'System', 'Approved', CURRENT_TIMESTAMP, CURRENT_TIMESTAMP),
    ('HIV', 'Application', 'System', 'Approved', CURRENT_TIMESTAMP, CURRENT_TIMESTAMP),
    ('Home Community Based Services (HCBS)', 'Application', 'System', 'Approved', CURRENT_TIMESTAMP, CURRENT_TIMESTAMP),
    ('Lead Exposure', 'Application', 'System', 'Approved', CURRENT_TIMESTAMP, CURRENT_TIMESTAMP),
    ('Lifetime Limits', 'Application', 'System', 'Approved', CURRENT_TIMESTAMP, CURRENT_TIMESTAMP),
    ('Long-Term Services and Supports (LTSS)', 'Application', 'System', 'Approved', CURRENT_TIMESTAMP, CURRENT_TIMESTAMP),
    ('Managed Care', 'Application', 'System', 'Approved', CURRENT_TIMESTAMP, CURRENT_TIMESTAMP),
    ('Marketplace Coverage/Premium Assistance Wrap', 'Application', 'System', 'Approved', CURRENT_TIMESTAMP, CURRENT_TIMESTAMP),
    ('New Adult Group Expansion', 'Application', 'System', 'Approved', CURRENT_TIMESTAMP, CURRENT_TIMESTAMP),
    ('Non-Eligibility Period', 'Application', 'System', 'Approved', CURRENT_TIMESTAMP, CURRENT_TIMESTAMP),
    ('Non-Emergency Medical Transportation (NEMT)', 'Application', 'System', 'Approved', CURRENT_TIMESTAMP, CURRENT_TIMESTAMP),
    ('Partial Expansion of the New Adult Group', 'Application', 'System', 'Approved', CURRENT_TIMESTAMP, CURRENT_TIMESTAMP),
    ('Pharmacy', 'Application', 'System', 'Approved', CURRENT_TIMESTAMP, CURRENT_TIMESTAMP),
    ('PHE-Appendix K', 'Application', 'System', 'Approved', CURRENT_TIMESTAMP, CURRENT_TIMESTAMP),
    ('PHE-COVID-19', 'Application', 'System', 'Approved', CURRENT_TIMESTAMP, CURRENT_TIMESTAMP),
    ('PHE-Reasonable Opportunity Period (ROP)', 'Application', 'System', 'Approved', CURRENT_TIMESTAMP, CURRENT_TIMESTAMP),
    ('PHE-Risk Mitigation', 'Application', 'System', 'Approved', CURRENT_TIMESTAMP, CURRENT_TIMESTAMP),
    ('PHE-Vaccine Coverage', 'Application', 'System', 'Approved', CURRENT_TIMESTAMP, CURRENT_TIMESTAMP),
    ('Premium Assistance/Employer-Sponsored Health Insurance (ESI)/Qualified Health Plan (QHP)', 'Application', 'System', 'Approved', CURRENT_TIMESTAMP, CURRENT_TIMESTAMP),
    ('Premiums/Cost-Sharing', 'Application', 'System', 'Approved', CURRENT_TIMESTAMP, CURRENT_TIMESTAMP),
    ('Provider Cap', 'Application', 'System', 'Approved', CURRENT_TIMESTAMP, CURRENT_TIMESTAMP),
    ('Provider Restriction', 'Application', 'System', 'Approved', CURRENT_TIMESTAMP, CURRENT_TIMESTAMP),
    ('ReEntry', 'Application', 'System', 'Approved', CURRENT_TIMESTAMP, CURRENT_TIMESTAMP),
    ('Reproductive Health: Family Planning', 'Application', 'System', 'Approved', CURRENT_TIMESTAMP, CURRENT_TIMESTAMP),
    ('Reproductive Health: Fertility', 'Application', 'System', 'Approved', CURRENT_TIMESTAMP, CURRENT_TIMESTAMP),
    ('Reproductive Health: Hyde', 'Application', 'System', 'Approved', CURRENT_TIMESTAMP, CURRENT_TIMESTAMP),
    ('Reproductive Health: Maternal Health', 'Application', 'System', 'Approved', CURRENT_TIMESTAMP, CURRENT_TIMESTAMP),
    ('Reproductive Health: Post-Partum Extension', 'Application', 'System', 'Approved', CURRENT_TIMESTAMP, CURRENT_TIMESTAMP),
    ('Reproductive Health: RAD', 'Application', 'System', 'Approved', CURRENT_TIMESTAMP, CURRENT_TIMESTAMP),
    ('Retroactive Eligibility', 'Application', 'System', 'Approved', CURRENT_TIMESTAMP, CURRENT_TIMESTAMP),
    ('Serious Mental Illness (SMI)', 'Application', 'System', 'Approved', CURRENT_TIMESTAMP, CURRENT_TIMESTAMP),
    ('Special Needs', 'Application', 'System', 'Approved', CURRENT_TIMESTAMP, CURRENT_TIMESTAMP),
    ('Substance Use Disorder (SUD)', 'Application', 'System', 'Approved', CURRENT_TIMESTAMP, CURRENT_TIMESTAMP),
    ('Targeted Population Expansion', 'Application', 'System', 'Approved', CURRENT_TIMESTAMP, CURRENT_TIMESTAMP),
    ('Tribal', 'Application', 'System', 'Approved', CURRENT_TIMESTAMP, CURRENT_TIMESTAMP),
    ('Uncompensated Care', 'Application', 'System', 'Approved', CURRENT_TIMESTAMP, CURRENT_TIMESTAMP),
    ('Value Based Care (VBC)', 'Application', 'System', 'Approved', CURRENT_TIMESTAMP, CURRENT_TIMESTAMP),
    ('Vision', 'Application', 'System', 'Approved', CURRENT_TIMESTAMP, CURRENT_TIMESTAMP),
    ('Aggregate Cap', 'Demonstration Type', 'System', 'Approved', CURRENT_TIMESTAMP, CURRENT_TIMESTAMP),
    ('Annual Limits', 'Demonstration Type', 'System', 'Approved', CURRENT_TIMESTAMP, CURRENT_TIMESTAMP),
    ('Basic Health Plan (BHP)', 'Demonstration Type', 'System', 'Approved', CURRENT_TIMESTAMP, CURRENT_TIMESTAMP),
    ('Behavioral Health', 'Demonstration Type', 'System', 'Approved', CURRENT_TIMESTAMP, CURRENT_TIMESTAMP),
    ('Beneficiary Engagement', 'Demonstration Type', 'System', 'Approved', CURRENT_TIMESTAMP, CURRENT_TIMESTAMP),
    ('Children''s Health Insurance Program (CHIP)', 'Demonstration Type', 'System', 'Approved', CURRENT_TIMESTAMP, CURRENT_TIMESTAMP),
    ('CMMI - AHEAD', 'Demonstration Type', 'System', 'Approved', CURRENT_TIMESTAMP, CURRENT_TIMESTAMP),
    ('CMMI - Integrated Care for Kids (IncK)', 'Demonstration Type', 'System', 'Approved', CURRENT_TIMESTAMP, CURRENT_TIMESTAMP),
    ('CMMI - Maternal Opioid Misuse (MOM)', 'Demonstration Type', 'System', 'Approved', CURRENT_TIMESTAMP, CURRENT_TIMESTAMP),
    ('Community Engagement', 'Demonstration Type', 'System', 'Approved', CURRENT_TIMESTAMP, CURRENT_TIMESTAMP),
    ('Contingency Management', 'Demonstration Type', 'System', 'Approved', CURRENT_TIMESTAMP, CURRENT_TIMESTAMP),
    ('Continuous Eligibility', 'Demonstration Type', 'System', 'Approved', CURRENT_TIMESTAMP, CURRENT_TIMESTAMP),
    ('Delivery System Reform Incentive Payment (DSRIP)', 'Demonstration Type', 'System', 'Approved', CURRENT_TIMESTAMP, CURRENT_TIMESTAMP),
    ('Dental', 'Demonstration Type', 'System', 'Approved', CURRENT_TIMESTAMP, CURRENT_TIMESTAMP),
    ('Designated State Health Programs (DSHP)', 'Demonstration Type', 'System', 'Approved', CURRENT_TIMESTAMP, CURRENT_TIMESTAMP),
    ('Employment Supports', 'Demonstration Type', 'System', 'Approved', CURRENT_TIMESTAMP, CURRENT_TIMESTAMP),
    ('Enrollment Cap', 'Demonstration Type', 'System', 'Approved', CURRENT_TIMESTAMP, CURRENT_TIMESTAMP),
    ('End-Stage Renal Disease (ESRD)', 'Demonstration Type', 'System', 'Approved', CURRENT_TIMESTAMP, CURRENT_TIMESTAMP),
    ('Expenditure Cap', 'Demonstration Type', 'System', 'Approved', CURRENT_TIMESTAMP, CURRENT_TIMESTAMP),
    ('Former Foster Care Youth (FFCY)', 'Demonstration Type', 'System', 'Approved', CURRENT_TIMESTAMP, CURRENT_TIMESTAMP),
    ('Global Payment Program (GPP)', 'Demonstration Type', 'System', 'Approved', CURRENT_TIMESTAMP, CURRENT_TIMESTAMP),
    ('Health Equity', 'Demonstration Type', 'System', 'Approved', CURRENT_TIMESTAMP, CURRENT_TIMESTAMP),
    ('Health-Related Social Needs (HRSN)', 'Demonstration Type', 'System', 'Approved', CURRENT_TIMESTAMP, CURRENT_TIMESTAMP),
    ('Healthy Behavior Incentives', 'Demonstration Type', 'System', 'Approved', CURRENT_TIMESTAMP, CURRENT_TIMESTAMP),
    ('HIV', 'Demonstration Type', 'System', 'Approved', CURRENT_TIMESTAMP, CURRENT_TIMESTAMP),
    ('Home Community Based Services (HCBS)', 'Demonstration Type', 'System', 'Approved', CURRENT_TIMESTAMP, CURRENT_TIMESTAMP),
    ('Lead Exposure', 'Demonstration Type', 'System', 'Approved', CURRENT_TIMESTAMP, CURRENT_TIMESTAMP),
    ('Lifetime Limits', 'Demonstration Type', 'System', 'Approved', CURRENT_TIMESTAMP, CURRENT_TIMESTAMP),
    ('Long-Term Services and Supports (LTSS)', 'Demonstration Type', 'System', 'Approved', CURRENT_TIMESTAMP, CURRENT_TIMESTAMP),
    ('Managed Care', 'Demonstration Type', 'System', 'Approved', CURRENT_TIMESTAMP, CURRENT_TIMESTAMP),
    ('Marketplace Coverage/Premium Assistance Wrap', 'Demonstration Type', 'System', 'Approved', CURRENT_TIMESTAMP, CURRENT_TIMESTAMP),
    ('New Adult Group Expansion', 'Demonstration Type', 'System', 'Approved', CURRENT_TIMESTAMP, CURRENT_TIMESTAMP),
    ('Non-Eligibility Period', 'Demonstration Type', 'System', 'Approved', CURRENT_TIMESTAMP, CURRENT_TIMESTAMP),
    ('Non-Emergency Medical Transportation (NEMT)', 'Demonstration Type', 'System', 'Approved', CURRENT_TIMESTAMP, CURRENT_TIMESTAMP),
    ('Partial Expansion of the New Adult Group', 'Demonstration Type', 'System', 'Approved', CURRENT_TIMESTAMP, CURRENT_TIMESTAMP),
    ('Pharmacy', 'Demonstration Type', 'System', 'Approved', CURRENT_TIMESTAMP, CURRENT_TIMESTAMP),
    ('PHE-Appendix K', 'Demonstration Type', 'System', 'Approved', CURRENT_TIMESTAMP, CURRENT_TIMESTAMP),
    ('PHE-COVID-19', 'Demonstration Type', 'System', 'Approved', CURRENT_TIMESTAMP, CURRENT_TIMESTAMP),
    ('PHE-Reasonable Opportunity Period (ROP)', 'Demonstration Type', 'System', 'Approved', CURRENT_TIMESTAMP, CURRENT_TIMESTAMP),
    ('PHE-Risk Mitigation', 'Demonstration Type', 'System', 'Approved', CURRENT_TIMESTAMP, CURRENT_TIMESTAMP),
    ('PHE-Vaccine Coverage', 'Demonstration Type', 'System', 'Approved', CURRENT_TIMESTAMP, CURRENT_TIMESTAMP),
    ('Premium Assistance/Employer-Sponsored Health Insurance (ESI)/Qualified Health Plan (QHP)', 'Demonstration Type', 'System', 'Approved', CURRENT_TIMESTAMP, CURRENT_TIMESTAMP),
    ('Premiums/Cost-Sharing', 'Demonstration Type', 'System', 'Approved', CURRENT_TIMESTAMP, CURRENT_TIMESTAMP),
    ('Provider Cap', 'Demonstration Type', 'System', 'Approved', CURRENT_TIMESTAMP, CURRENT_TIMESTAMP),
    ('Provider Restriction', 'Demonstration Type', 'System', 'Approved', CURRENT_TIMESTAMP, CURRENT_TIMESTAMP),
    ('ReEntry', 'Demonstration Type', 'System', 'Approved', CURRENT_TIMESTAMP, CURRENT_TIMESTAMP),
    ('Reproductive Health: Family Planning', 'Demonstration Type', 'System', 'Approved', CURRENT_TIMESTAMP, CURRENT_TIMESTAMP),
    ('Reproductive Health: Fertility', 'Demonstration Type', 'System', 'Approved', CURRENT_TIMESTAMP, CURRENT_TIMESTAMP),
    ('Reproductive Health: Hyde', 'Demonstration Type', 'System', 'Approved', CURRENT_TIMESTAMP, CURRENT_TIMESTAMP),
    ('Reproductive Health: Maternal Health', 'Demonstration Type', 'System', 'Approved', CURRENT_TIMESTAMP, CURRENT_TIMESTAMP),
    ('Reproductive Health: Post-Partum Extension', 'Demonstration Type', 'System', 'Approved', CURRENT_TIMESTAMP, CURRENT_TIMESTAMP),
    ('Reproductive Health: RAD', 'Demonstration Type', 'System', 'Approved', CURRENT_TIMESTAMP, CURRENT_TIMESTAMP),
    ('Retroactive Eligibility', 'Demonstration Type', 'System', 'Approved', CURRENT_TIMESTAMP, CURRENT_TIMESTAMP),
    ('Serious Mental Illness (SMI)', 'Demonstration Type', 'System', 'Approved', CURRENT_TIMESTAMP, CURRENT_TIMESTAMP),
    ('Special Needs', 'Demonstration Type', 'System', 'Approved', CURRENT_TIMESTAMP, CURRENT_TIMESTAMP),
    ('Substance Use Disorder (SUD)', 'Demonstration Type', 'System', 'Approved', CURRENT_TIMESTAMP, CURRENT_TIMESTAMP),
    ('Targeted Population Expansion', 'Demonstration Type', 'System', 'Approved', CURRENT_TIMESTAMP, CURRENT_TIMESTAMP),
    ('Tribal', 'Demonstration Type', 'System', 'Approved', CURRENT_TIMESTAMP, CURRENT_TIMESTAMP),
    ('Uncompensated Care', 'Demonstration Type', 'System', 'Approved', CURRENT_TIMESTAMP, CURRENT_TIMESTAMP),
    ('Value Based Care (VBC)', 'Demonstration Type', 'System', 'Approved', CURRENT_TIMESTAMP, CURRENT_TIMESTAMP),
    ('Vision', 'Demonstration Type', 'System', 'Approved', CURRENT_TIMESTAMP, CURRENT_TIMESTAMP);
