insert into role (id, grant_level_id) values 
  ('Admin User', 'System'),
  ('CMS User', 'System'),
  ('State User', 'System'),
  ('Read-Only CMS User', 'System')
;

insert into permission (id, grant_level_id) values 
  ('View Current User', 'System'),
  ('List People', 'System'),
  ('List Demonstrations', 'System'),
  ('Manage Demonstrations', 'System'),
  ('List Applications', 'System'),
  ('Manage Applications', 'System'),
  ('View Demonstration Details', 'System'),
  ('Manage Demonstration Details', 'System'),
  ('View Application Details', 'System'),
  ('Manage Application Details', 'System'),
  ('View Demonstration Types', 'System'),
  ('Manage Demonstration Types', 'System'),
  ('View Demonstration Contacts', 'System'),
  ('Manage Demonstration Contacts', 'System'),
  ('View Application Workflow', 'System'),
  ('Manage Application Workflow', 'System'),
  ('View Demonstration Documents', 'System'),
  ('Manage Demonstration Documents', 'System'),
  ('View Application Documents', 'System'),
  ('Manage Application Documents', 'System'),
  ('Download Document', 'System')
;

insert into role_permission (role_id, grant_level_id, permission_id) values 
  ('Admin User', 'System', 'View Current User'),
  ('Admin User', 'System', 'List People'),
  ('Admin User', 'System', 'List Demonstrations'),
  ('Admin User', 'System', 'Manage Demonstrations'),
  ('Admin User', 'System', 'List Applications'),
  ('Admin User', 'System', 'Manage Applications'),
  ('Admin User', 'System', 'View Demonstration Details'),
  ('Admin User', 'System', 'Manage Demonstration Details'),
  ('Admin User', 'System', 'View Application Details'),
  ('Admin User', 'System', 'Manage Application Details'),
  ('Admin User', 'System', 'View Demonstration Types'),
  ('Admin User', 'System', 'Manage Demonstration Types'),
  ('Admin User', 'System', 'View Demonstration Contacts'),
  ('Admin User', 'System', 'Manage Demonstration Contacts'),
  ('Admin User', 'System', 'View Application Workflow'),
  ('Admin User', 'System', 'Manage Application Workflow'),
  ('Admin User', 'System', 'View Demonstration Documents'),
  ('Admin User', 'System', 'Manage Demonstration Documents'),
  ('Admin User', 'System', 'View Application Documents'),
  ('Admin User', 'System', 'Manage Application Documents'),
  ('Admin User', 'System', 'Download Document'),

  ('CMS User', 'System', 'View Current User'),
  ('CMS User', 'System', 'List People'),
  ('CMS User', 'System', 'List Demonstrations'),
  ('CMS User', 'System', 'Manage Demonstrations'),
  ('CMS User', 'System', 'List Applications'),
  ('CMS User', 'System', 'Manage Applications'),
  ('CMS User', 'System', 'View Demonstration Details'),
  ('CMS User', 'System', 'Manage Demonstration Details'),
  ('CMS User', 'System', 'View Application Details'),
  ('CMS User', 'System', 'Manage Application Details'),
  ('CMS User', 'System', 'View Demonstration Types'),
  ('CMS User', 'System', 'Manage Demonstration Types'),
  ('CMS User', 'System', 'View Demonstration Contacts'),
  ('CMS User', 'System', 'Manage Demonstration Contacts'),
  ('CMS User', 'System', 'View Application Workflow'),
  ('CMS User', 'System', 'Manage Application Workflow'),
  ('CMS User', 'System', 'View Demonstration Documents'),
  ('CMS User', 'System', 'Manage Demonstration Documents'),
  ('CMS User', 'System', 'View Application Documents'),
  ('CMS User', 'System', 'Manage Application Documents'),
  ('CMS User', 'System', 'Download Document'),

  ('Read-Only CMS User', 'System', 'View Current User'),
  ('Read-Only CMS User', 'System', 'List People'),
  ('Read-Only CMS User', 'System', 'List Demonstrations'),
  ('Read-Only CMS User', 'System', 'List Applications'),
  ('Read-Only CMS User', 'System', 'View Demonstration Details'),
  ('Read-Only CMS User', 'System', 'View Application Details'),
  ('Read-Only CMS User', 'System', 'View Demonstration Types'),
  ('Read-Only CMS User', 'System', 'View Demonstration Contacts'),
  ('Read-Only CMS User', 'System', 'View Application Workflow'),
  ('Read-Only CMS User', 'System', 'View Demonstration Documents'),
  ('Read-Only CMS User', 'System', 'View Application Documents'),
  ('Read-Only CMS User', 'System', 'Download Document'),

  ('State User', 'System', 'View Current User'),
  ('State User', 'System', 'View Demonstration Details')
;

insert into role_person_type (role_id, person_type_id) values 
  ('Admin User', 'demos-admin'),
  ('CMS User', 'demos-cms-user'),
  ('State User', 'demos-state-user'), 
  ('Read-Only CMS User', 'demos-cms-user')
;