insert into role (id, grant_level_id) values 
  ('Admin User', 'System'),
  ('CMS User', 'System'),
  ('State User', 'System'),
  ('Read-Only CMS User', 'System')
;

insert into permission (id, grant_level_id) values 
  ('Resolve Demonstration', 'System'),
  ('Resolve Demonstration Application Workflow', 'System'),
  ('Resolve Demonstration Documents', 'System'),
  ('Resolve Demonstration Contacts', 'System'),
  ('Resolve Demonstration Modifications', 'System'),
  ('Resolve Modification', 'System'),
  ('Resolve Modification Demonstration', 'System'),
  ('Resolve Modification Application Workflow', 'System'),
  ('Resolve Modification Documents', 'System'),
  ('Resolve ApplicationDate', 'System'),
  ('Resolve ApplicationNote', 'System'),
  ('Resolve ApplicationPhase', 'System'),
  ('Resolve ApplicationPhase Documents', 'System'),
  ('Resolve DemonstrationRoleAssignment', 'System'),
  ('Resolve DemonstrationRoleAssignment Demonstration', 'System'),
  ('Resolve DemonstrationTypeAssignment', 'System'),
  ('Resolve Document', 'System'),
  ('Download Document', 'System'),
  ('Resolve Document Application', 'System'),
  ('Resolve Document Application Workflow', 'System'),
  ('Resolve Document Owner', 'System'),
  ('Resolve Event', 'System'),
  ('Resolve Upload Document Response', 'System'),
  ('Resolve Person', 'System'),
  ('Resolve Person Roles', 'System'),
  ('Resolve State', 'System'),
  ('Resolve State Demonstrations', 'System'),
  ('Resolve Tag', 'System'),
  ('Resolve User', 'System'),
  ('Resolve User Person', 'System'),
  ('Resolve User Documents', 'System'),
  ('Resolve User Events', 'System'),
  ('Query States', 'System'),
  ('Query People', 'System'),
  ('Query Modifications', 'System'),
  ('Query Demonstrations', 'System'),
  ('Query Documents', 'System'),
  ('Query Events', 'System'),
  ('Query Tag Options', 'System'),
  ('Mutate Modifications', 'System'),
  ('Mutate Application Workflow', 'System'),
  ('Mutate Demonstrations', 'System'),
  ('Mutate Demonstration Contacts', 'System'),
  ('Mutate Demonstration Types', 'System'),
  ('Mutate Documents', 'System'),
  ('Log Events', 'System'),
  ('Trigger UIPath', 'System'),
  ('Query Current User', 'System')
;

insert into role_permission (role_id, grant_level_id, permission_id) values 
  ('Admin User', 'System', 'Resolve Demonstration'),
  ('Admin User', 'System', 'Resolve Demonstration Application Workflow'),
  ('Admin User', 'System', 'Resolve Demonstration Documents'),
  ('Admin User', 'System', 'Resolve Demonstration Contacts'),
  ('Admin User', 'System', 'Resolve Demonstration Modifications'),
  ('Admin User', 'System', 'Resolve Modification'),
  ('Admin User', 'System', 'Resolve Modification Demonstration'),
  ('Admin User', 'System', 'Resolve Modification Application Workflow'),
  ('Admin User', 'System', 'Resolve Modification Documents'),
  ('Admin User', 'System', 'Resolve ApplicationDate'),
  ('Admin User', 'System', 'Resolve ApplicationNote'),
  ('Admin User', 'System', 'Resolve ApplicationPhase'),
  ('Admin User', 'System', 'Resolve ApplicationPhase Documents'),
  ('Admin User', 'System', 'Resolve DemonstrationRoleAssignment'),
  ('Admin User', 'System', 'Resolve DemonstrationRoleAssignment Demonstration'),
  ('Admin User', 'System', 'Resolve DemonstrationTypeAssignment'),
  ('Admin User', 'System', 'Resolve Document'),
  ('Admin User', 'System', 'Resolve Event'),
  ('Admin User', 'System', 'Download Document'),
  ('Admin User', 'System', 'Resolve Document Application'),
  ('Admin User', 'System', 'Resolve Document Application Workflow'),
  ('Admin User', 'System', 'Resolve Document Owner'),
  ('Admin User', 'System', 'Resolve Upload Document Response'),
  ('Admin User', 'System', 'Resolve Person'),
  ('Admin User', 'System', 'Resolve Person Roles'),
  ('Admin User', 'System', 'Resolve State'),
  ('Admin User', 'System', 'Resolve State Demonstrations'),
  ('Admin User', 'System', 'Resolve Tag'),
  ('Admin User', 'System', 'Resolve User'),
  ('Admin User', 'System', 'Resolve User Person'),
  ('Admin User', 'System', 'Resolve User Documents'),
  ('Admin User', 'System', 'Resolve User Events'),
  ('Admin User', 'System', 'Query States'),
  ('Admin User', 'System', 'Query People'),
  ('Admin User', 'System', 'Query Modifications'),
  ('Admin User', 'System', 'Query Demonstrations'),
  ('Admin User', 'System', 'Query Documents'),
  ('Admin User', 'System', 'Query Events'),
  ('Admin User', 'System', 'Query Tag Options'),
  ('Admin User', 'System', 'Mutate Modifications'),
  ('Admin User', 'System', 'Mutate Application Workflow'),
  ('Admin User', 'System', 'Mutate Demonstrations'),
  ('Admin User', 'System', 'Mutate Demonstration Contacts'),
  ('Admin User', 'System', 'Mutate Demonstration Types'),
  ('Admin User', 'System', 'Mutate Documents'),
  ('Admin User', 'System', 'Log Events'),
  ('Admin User', 'System', 'Trigger UIPath'),
  ('Admin User', 'System', 'Query Current User'),
  
  ('CMS User', 'System', 'Resolve Demonstration'),
  ('CMS User', 'System', 'Resolve Demonstration Application Workflow'),
  ('CMS User', 'System', 'Resolve Demonstration Documents'),
  ('CMS User', 'System', 'Resolve Demonstration Contacts'),
  ('CMS User', 'System', 'Resolve Demonstration Modifications'),
  ('CMS User', 'System', 'Resolve Modification'),
  ('CMS User', 'System', 'Resolve Modification Demonstration'),
  ('CMS User', 'System', 'Resolve Modification Application Workflow'),
  ('CMS User', 'System', 'Resolve Modification Documents'),
  ('CMS User', 'System', 'Resolve ApplicationDate'),
  ('CMS User', 'System', 'Resolve ApplicationNote'),
  ('CMS User', 'System', 'Resolve ApplicationPhase'),
  ('CMS User', 'System', 'Resolve ApplicationPhase Documents'),
  ('CMS User', 'System', 'Resolve DemonstrationRoleAssignment'),
  ('CMS User', 'System', 'Resolve DemonstrationRoleAssignment Demonstration'),
  ('CMS User', 'System', 'Resolve DemonstrationTypeAssignment'),
  ('CMS User', 'System', 'Resolve Document'),
  ('CMS User', 'System', 'Download Document'),
  ('CMS User', 'System', 'Resolve Document Application'),
  ('CMS User', 'System', 'Resolve Document Application Workflow'),
  ('CMS User', 'System', 'Resolve Document Owner'),
  ('CMS User', 'System', 'Resolve Event'),
  ('CMS User', 'System', 'Resolve Upload Document Response'),
  ('CMS User', 'System', 'Resolve Person'),
  ('CMS User', 'System', 'Resolve Person Roles'),
  ('CMS User', 'System', 'Resolve State'),
  ('CMS User', 'System', 'Resolve State Demonstrations'),
  ('CMS User', 'System', 'Resolve Tag'),
  ('CMS User', 'System', 'Resolve User'),
  ('CMS User', 'System', 'Resolve User Person'),
  ('CMS User', 'System', 'Resolve User Documents'),
  ('CMS User', 'System', 'Resolve User Events'),
  ('CMS User', 'System', 'Query States'),
  ('CMS User', 'System', 'Query People'),
  ('CMS User', 'System', 'Query Modifications'),
  ('CMS User', 'System', 'Query Demonstrations'),
  ('CMS User', 'System', 'Query Documents'),
  ('CMS User', 'System', 'Query Tag Options'),
  ('CMS User', 'System', 'Mutate Modifications'),
  ('CMS User', 'System', 'Mutate Application Workflow'),
  ('CMS User', 'System', 'Mutate Demonstrations'),
  ('CMS User', 'System', 'Mutate Demonstration Contacts'),
  ('CMS User', 'System', 'Mutate Demonstration Types'),
  ('CMS User', 'System', 'Mutate Documents'),
  ('CMS User', 'System', 'Log Events'),
  ('CMS User', 'System', 'Trigger UIPath'),
  ('CMS User', 'System', 'Query Current User'),

  ('Read-Only CMS User', 'System', 'Resolve Demonstration'),
  ('Read-Only CMS User', 'System', 'Resolve Demonstration Application Workflow'),
  ('Read-Only CMS User', 'System', 'Resolve Demonstration Documents'),
  ('Read-Only CMS User', 'System', 'Resolve Demonstration Contacts'),
  ('Read-Only CMS User', 'System', 'Resolve Demonstration Modifications'),
  ('Read-Only CMS User', 'System', 'Resolve Modification'),
  ('Read-Only CMS User', 'System', 'Resolve Modification Demonstration'),
  ('Read-Only CMS User', 'System', 'Resolve Modification Application Workflow'),
  ('Read-Only CMS User', 'System', 'Resolve Modification Documents'),
  ('Read-Only CMS User', 'System', 'Resolve ApplicationDate'),
  ('Read-Only CMS User', 'System', 'Resolve ApplicationNote'),
  ('Read-Only CMS User', 'System', 'Resolve ApplicationPhase'),
  ('Read-Only CMS User', 'System', 'Resolve ApplicationPhase Documents'),
  ('Read-Only CMS User', 'System', 'Resolve DemonstrationRoleAssignment'),
  ('Read-Only CMS User', 'System', 'Resolve DemonstrationRoleAssignment Demonstration'),
  ('Read-Only CMS User', 'System', 'Resolve DemonstrationTypeAssignment'),
  ('Read-Only CMS User', 'System', 'Resolve Document'),
  ('Read-Only CMS User', 'System', 'Download Document'),
  ('Read-Only CMS User', 'System', 'Resolve Event'),
  ('Read-Only CMS User', 'System', 'Resolve Document Application'),
  ('Read-Only CMS User', 'System', 'Resolve Document Application Workflow'),
  ('Read-Only CMS User', 'System', 'Resolve Document Owner'),
  ('Read-Only CMS User', 'System', 'Resolve Upload Document Response'),
  ('Read-Only CMS User', 'System', 'Resolve Person'),
  ('Read-Only CMS User', 'System', 'Resolve Person Roles'),
  ('Read-Only CMS User', 'System', 'Resolve State'),
  ('Read-Only CMS User', 'System', 'Resolve State Demonstrations'),
  ('Read-Only CMS User', 'System', 'Resolve Tag'),
  ('Read-Only CMS User', 'System', 'Resolve User'),
  ('Read-Only CMS User', 'System', 'Resolve User Person'),
  ('Read-Only CMS User', 'System', 'Resolve User Documents'),
  ('Read-Only CMS User', 'System', 'Resolve User Events'),
  ('Read-Only CMS User', 'System', 'Query States'),
  ('Read-Only CMS User', 'System', 'Query People'),
  ('Read-Only CMS User', 'System', 'Query Modifications'),
  ('Read-Only CMS User', 'System', 'Query Demonstrations'),
  ('Read-Only CMS User', 'System', 'Query Documents'),
  ('Read-Only CMS User', 'System', 'Query Events'),
  ('Read-Only CMS User', 'System', 'Query Tag Options'),
  ('Read-Only CMS User', 'System', 'Query Current User'),

  ('State User', 'System', 'Resolve Demonstration'),
  ('State User', 'System', 'Resolve Person'),
  ('State User', 'System', 'Resolve State'),
  ('State User', 'System', 'Resolve User'),
  ('State User', 'System', 'Resolve User Person'),
  ('State User', 'System', 'Query States'),
  ('State User', 'System', 'Query Demonstrations'),
  ('State User', 'System', 'Query Current User')
;

insert into role_person_type (role_id, person_type_id) values 
  ('Admin User', 'demos-admin'),
  ('CMS User', 'demos-cms-user'),
  ('Read-Only CMS User', 'demos-cms-user'),
  ('State User', 'demos-state-user')
;