amendment_uuid,demo_uuid,name,status_cd
01202dd5-67e9-432f-a5ef-d9e4e49f8f76,f723aea0-4ef8-4a60-b98e-0393f346cfbd,PDL Amendment,
01dca696-c094-4f14-ade8-c96f19292a92,b58d203e-fe49-446d-8872-05ee866c51bc,DC managed care risk mitigation COVID-19 PHE amendment,
0473183d-2e93-4371-a841-47350d3e765b,bb46787a-42bc-417f-a7b8-cdef0fda771f,"CO SUD Amendment:  Reentry, SMI/SED, and Continuous Eligibility",
08ced498-8997-401c-a186-daa67a4ff809,dac3f05e-1815-4d03-8066-5aa5c1c7ff4a,30 month lookback amendment,
08fceebe-6835-408b-97de-b7f3b8522706,e05f17af-8550-4ebe-81d5-e3804993556c,Maine SUD Budget Neutrality Amendment,
0965889d-2796-4022-adc9-7ad6b2f7895e,ec46307f-ec7b-4e65-a15e-bb1c3d360114,New Mexico Centennial Care 2.0 Demonstration:  COVID PHE Amendment,
09f34d93-656c-4793-ad53-f06d53f03192,0b11ca84-a492-41e1-9fb1-7c988da310ba,Insure Oklahoma Amendment,
0ad53526-62cf-405b-aaaf-d62dfa2433b6,674aac2b-0390-4171-8c9d-4c1c3c03a8e6,Managed Care Risk Mitigation COVID-19 PHE Amendment,
0b8752ca-48d3-4e08-8369-d92c9d1b0427,51573012-04dc-491f-b41a-0bb4b24efec9,Premiums / Cost Sharing and Premium Assistance Amendment,
0cc17b4c-5437-425e-9700-c8e90f09aaf6,b9d64f02-8673-49dd-892f-63a63865358e,QRTP Services Amendment,
110f9760-16ff-4adf-8f29-1c0a24db5ca0,0977ad7f-a35c-4e4e-b50b-2f1834ad5014,New Jersey FamilyCare Comprehensive Demonstration CHIP COVID PHE Amendment,
11bbbe73-e085-4be3-84ec-70cfb3a2f31b,d40d1207-a663-40bd-8036-287fc06ea360,RI Managed Care Risk Mitigation COVID-19 Amendment,
123b47d8-b25f-448b-a762-b51d97c518dc,e14e3eb8-f350-403c-bee3-21868690dfe4,LTSS for Behaviorally Complex Individuals,
150fd48e-7a9a-4417-a4a2-04e6240e0da1,e14e3eb8-f350-403c-bee3-21868690dfe4,Community Engagement,
16b94b99-94e4-47f7-86f2-235d6fbbb3f0,e14e3eb8-f350-403c-bee3-21868690dfe4,Retro and Premiums / Cost Sharing Amendment,
17fae73d-32e2-487b-802d-4245eb8dac1b,fb67f194-6495-46de-b313-f37e3f77892e,Pharmacy Amendment,
194ee888-180e-4ec1-86e2-90ac54999c6e,e14e3eb8-f350-403c-bee3-21868690dfe4,Medical Respite Amendment,
1b155e69-e927-4a64-be66-940ac3093a0d,e14e3eb8-f350-403c-bee3-21868690dfe4,Dental Services,
1bd03341-d171-424d-8bf8-acb73c44c57a,76f5cfc6-aae5-470d-bdd3-9492644e3dbd,COVID-19 Amendment,
1c26a74c-03ef-4302-94a0-3b794cf583ab,51573012-04dc-491f-b41a-0bb4b24efec9,"HRSN, Eligibility, Marketplace Subsidies, & Reentry",
1e0a7577-b08e-46bf-8119-1aa425b90334,76f5cfc6-aae5-470d-bdd3-9492644e3dbd,Georgia PCS COVID-19 Amendment,
2071241b-eaec-4108-9ad5-5d5bc6f96071,a1720a4f-5984-4b4c-b929-d10fb071ee97,Dentures Amendment,
2073f1f3-9c70-4e27-9f9e-4105c51be8f7,cfd0656a-ae45-41c2-bb82-62df6645076f,Michigan COVID 19 PHE Amendment,
224b4c22-66d1-40fe-ae57-04c911173d74,dac3f05e-1815-4d03-8066-5aa5c1c7ff4a,HCBS Amendment,
279bc6a9-6a87-474f-881b-b14b05f731c8,674aac2b-0390-4171-8c9d-4c1c3c03a8e6,"Tribal Amendment, Traditional Healers and Natural Helpers",
27c14bd5-9e48-4833-8da0-d0bd2727aaec,674aac2b-0390-4171-8c9d-4c1c3c03a8e6,Managed Care Model Changes,
280e7e47-9d18-4963-bfa5-22dab94f8408,6121bb37-1f43-4709-be1d-7e2e0e1524e4,Managed Care Risk Mitigation COVID-19 PHE amendment,
2accbe88-b9ce-4d0f-8368-d4f8352301a5,be915209-b5be-4971-8147-6e50ee5ed395,NMT for HRSN,
2b0c1e40-571d-4b06-975b-02d163f138ae,51573012-04dc-491f-b41a-0bb4b24efec9,Serious Mental Illness Amendment,
2b8070d1-36c9-4562-8686-3551ae2ef257,60ea7851-9e7e-4105-ae9d-fdf7ee9dce7a,Workforce Bridge Account,
2c51fad0-036e-4062-96d3-f741d1f23341,71e8bdde-35a5-43a0-9ebd-53cd29bb5aed,Continuous Eligibility,
2d35dad4-a3f0-44e9-b79b-8ae9f29642fe,43f0f178-3151-4e8f-9836-5c92522c971f,COVID-19 Amendment,
2df84448-6f71-4914-b227-3ffbb6c3f3b8,f935244b-2eac-4613-b7fa-d94d731015c5,Montana Waiver for Additional Services and Populations,
2e8fea71-0bde-4508-8478-9413704abf1d,b948eef7-7d1c-44a1-bce9-264e1bd1adbd,Family Home Health Aide Services Program,
2f5ee146-d497-4de9-8d00-e67db4a54563,b9d64f02-8673-49dd-892f-63a63865358e,CAA Waiver,
2f94274e-5b24-467e-a3e1-3ea5dd93bbec,0181f074-ee92-420b-822d-aedfadcd4c7d,CHIP Expansion,
3208d7be-c6bf-4fe3-b373-f528c99dd548,80a1a128-5ef0-47ba-af5a-d9bb4be2af9f,COVID-19 Amendment,
356a9ff0-124e-4a2f-9629-08e72f33b78b,bf354cb7-af95-45ad-9efa-9e9c76184a8a,Reasonable Opportunity Period,
35eb3be5-e50e-49d3-bf7c-42fa6f767e87,e9225e11-2ed6-4c44-b08b-497ff585e349,Alter Date/HOP/Tailored Plan Amendment,
36b8a283-3e06-49b9-8236-e5947b849673,e14e3eb8-f350-403c-bee3-21868690dfe4,UPP Premium Increase for Children,
3954a225-e64e-4e6f-badd-e41ef1ed8ec4,8cb9aba6-e34e-451a-81b5-49212188a3a5,COVID-19 ROP Extension,
3c42d745-e2c8-42df-827f-910a55f563bb,4300b588-9c0e-490d-9b7f-08074583756e,Florida Medicaid Family Planning Waiver Amendment,
3f9b7639-d592-4f2b-8665-806bc4be4817,d40d1207-a663-40bd-8036-287fc06ea360,HRSN amendment,
4273d858-eb53-49ce-892f-da66c13a1041,8cb9aba6-e34e-451a-81b5-49212188a3a5,Reentry,
4278f28d-1806-4898-b56e-5fe6a7cc3bbb,ec46307f-ec7b-4e65-a15e-bb1c3d360114,Serious Mental Illness Amendment,
42bda103-5071-4e05-95df-6a21b02309a0,dac3f05e-1815-4d03-8066-5aa5c1c7ff4a,NY Managed Care Risk Mitigation COVID-19 Amendment,
434c0046-5d1d-4558-919b-fefb46dc5e59,71e8bdde-35a5-43a0-9ebd-53cd29bb5aed,Personal Care Services COVID Amendment,
43d8b6eb-c59c-4106-ac90-f3a5145d0fc5,d40d1207-a663-40bd-8036-287fc06ea360,RI CD Temporary Extension and Amendment,
4510420f-1095-4c0c-b6ff-8f909a92ff6b,f723aea0-4ef8-4a60-b98e-0393f346cfbd,HCBS Amendment,
45460c60-fb59-4c72-87b1-253ff9674656,674aac2b-0390-4171-8c9d-4c1c3c03a8e6,Justice Involved Amendment,
4c6f2ef7-46f4-4d5b-b200-dfdc9fc7182c,51573012-04dc-491f-b41a-0bb4b24efec9,Post-PHE place of service flexibilities,
4c7e1658-26d9-4281-8923-f39602cbe62d,be915209-b5be-4971-8147-6e50ee5ed395,Pathways to Prosperity,
4c859061-4d2d-4ba2-9b25-ed2ea253a660,83c3e37c-2043-4d84-ba05-c305d78b230b,Attachment K PCS Amendment,
4d1d0cbd-d678-46bd-9271-5d820b84d247,8cb9aba6-e34e-451a-81b5-49212188a3a5,Residential Treatment and Medicaid Global Budget,
4df5b564-f29a-4d6f-888a-f45cfafc80a7,51573012-04dc-491f-b41a-0bb4b24efec9,Cost sharing assistance & CSP expansion,
4f4ca8f2-642d-486b-9e1b-403d044e0c08,f723aea0-4ef8-4a60-b98e-0393f346cfbd,ABA Amendment,
50607850-a7d0-41e6-9e1c-5eaa97970480,51573012-04dc-491f-b41a-0bb4b24efec9,DSHP Amendment,
52a0996b-7c44-494d-b776-c61ea23e8151,80a1a128-5ef0-47ba-af5a-d9bb4be2af9f,Housing Supports Amendment,
52e72c12-28f6-40b8-847a-8955b3e9e17e,674aac2b-0390-4171-8c9d-4c1c3c03a8e6,COVID-19 Amendment,
532eb869-f195-47a4-85d4-c9cd60d5b74d,0181f074-ee92-420b-822d-aedfadcd4c7d,Parents as Paid Caregivers Amendment,
563107d6-fbe5-4d2e-b9c0-82224b7b799f,be915209-b5be-4971-8147-6e50ee5ed395,Life360 HOMEs,
563f2f45-f01b-4496-97ed-b87c3c7df7da,a5380e32-3927-46eb-a048-f48664ffb809,Nevada’s Treatment of Substance Use Disorders (SUDs) and Serious Mental Illness (SMI) Transformation Project,
592546ba-edaa-4798-a4ba-8ef560f70d8a,232ce729-df65-41ad-ae63-40d269cd34aa,Cost sharing,
59c17cc5-53df-493c-9fe7-8c60fc74b2e9,d40d1207-a663-40bd-8036-287fc06ea360,Serious Mental Illness Amendment,
5a771745-7b29-42b9-b42a-67ae2458aa9f,0b49419b-eb17-4fb1-99e2-79f58fca2b75,Budget Neutrality CAP Amendment,
5b401019-3ea0-4a2b-b244-522d987c44d4,43f0f178-3151-4e8f-9836-5c92522c971f,Managed Care Risk Mitigation COVID-19 PHE Amendment,
5c691bac-63fb-49b2-8ba2-64943643c0f9,dac3f05e-1815-4d03-8066-5aa5c1c7ff4a,SUD,
5d3e70d1-a912-40f5-a96f-2972c859d992,0181f074-ee92-420b-822d-aedfadcd4c7d,Substance Use Disorder and Serious Mental Illness Amendment,
5fe23d01-4b5e-4219-af15-0704686827fc,e14e3eb8-f350-403c-bee3-21868690dfe4,Traditional Healing Services,
62752f90-fcb7-4eba-9d0d-64cfd883a3f6,e14e3eb8-f350-403c-bee3-21868690dfe4,Family Planning Services,
644cea4d-9889-4f33-8e94-aba05cac72c7,e14e3eb8-f350-403c-bee3-21868690dfe4,Extended Postpartum Coverage,
64d33085-d365-4e7c-9a9a-03f009e60a7d,fdf14feb-7061-4c29-b811-3421897765e1,CT SUD Reentry HSRN Amendment,
64d488e8-b0ea-4975-8cab-b5e1c5e7081e,dac3f05e-1815-4d03-8066-5aa5c1c7ff4a,Managed Care and Long Term Services & Supports Amendment,
658036b5-c984-434a-b72d-88cfcafee003,31afe2bf-4951-4d57-99ba-6394eb5711ba,SMI Amendment,
65e2a59a-dd59-4fdb-abc6-741972bc1a84,bf354cb7-af95-45ad-9efa-9e9c76184a8a,Illinois managed care risk mitigation COVID-19 PHE amendment,
661424ae-5057-4909-bdf3-9ae7ec847d24,dac3f05e-1815-4d03-8066-5aa5c1c7ff4a,Reasonable Opportunity Period,
685474b8-5a90-49b6-aa6c-59b65628eaf9,cfd0656a-ae45-41c2-bb82-62df6645076f,Michigan Behavioral Health 1115 Demonstration Amendment,
68fff0c7-741d-465d-971e-9c3aae683fa3,674aac2b-0390-4171-8c9d-4c1c3c03a8e6,COVID- eFMAP CHIP,
6c913f9b-c332-4952-a70d-1a6231261340,71e8bdde-35a5-43a0-9ebd-53cd29bb5aed,FFCY,
6e992441-2a89-4294-a7f4-9becec15e22b,dcdd103d-91da-441d-bd81-3aebf0b31e37,Reentry Justice-involved Amendment,
6eb1f8a6-6dcb-4f27-990f-3c938fd2478d,545f6ac9-8513-46a2-870d-6b0bd5125436,Managed Care Risk Mitigation COVID-19 PHE Amendment,
713bada4-df31-4258-9b20-9dadac43c1cc,0b11ca84-a492-41e1-9fb1-7c988da310ba,Enrollment of Pregnant Women with Income between 134% & 185% FPL and AI/AN Members with IHS Creditable Coverage,
7381c72c-ddc3-406e-82af-988a5972a2c9,31afe2bf-4951-4d57-99ba-6394eb5711ba,HSA Amendment,
77487dfc-4eaa-4b0d-97fc-91b3614a9542,e14e3eb8-f350-403c-bee3-21868690dfe4,Health-Related Social Needs,
79b7bb6e-2230-4d76-a4fc-b498031190a3,674aac2b-0390-4171-8c9d-4c1c3c03a8e6,COVID-19 Amendment,
79d28d84-31cd-4e95-9e98-92fb3e480065,43f0f178-3151-4e8f-9836-5c92522c971f,Iowa Health and Wellness Plan  Work Requirements,
7c356590-c4df-4f86-a44e-ab562321ee09,7113f4e2-9519-404d-bd73-191cffcaaeb7,Wyoming Pregnant By Choice STI Amendment,
7c43bc46-6034-4df6-a40f-d8bba45e320a,674aac2b-0390-4171-8c9d-4c1c3c03a8e6,COVID-19 Amendment,
7ee95840-8e0a-4dde-8636-ca10711f046e,0181f074-ee92-420b-822d-aedfadcd4c7d,Former Foster Care Youth Amendment,
7f405a54-2777-4fa1-85c0-8dbaa1c7d361,fc8af835-194a-4fdb-a3db-750a7af79998,WV managed care risk mitigation COVID-19 PHE amendment,
805e0f96-ad57-490a-b16b-76811f9d3cbe,76f5cfc6-aae5-470d-bdd3-9492644e3dbd,Georgia Planning for Healthy Babies STI Amendment,
812eee93-224e-45d1-8b44-b5f112330a1c,f723aea0-4ef8-4a60-b98e-0393f346cfbd,CPW Case Management,
8263c0a9-0ff4-42af-a9be-bbc9eac3c117,51573012-04dc-491f-b41a-0bb4b24efec9,Duals Demo and Cost Sharing Assistance Expansion,
85091d55-a133-4bef-af0a-f8c0ec9f7a55,0181f074-ee92-420b-822d-aedfadcd4c7d,Traditional Healing Amendment,
86761e5d-41eb-44ed-8f8b-2ce49781c2be,0181f074-ee92-420b-822d-aedfadcd4c7d,Community Engagement and Lifetime Limits/Cost Sharing,
86ae7990-339a-4643-a194-dd0455c29760,7247c6cc-a4f8-422b-a0d4-eb7023de52c4,Delaware Diamond State Health Plan Amendment Continuous Coverage for Individuals Aging Out of CHIP,
86df92e1-e4ed-47f1-9bdf-56f216818bba,6e11e177-b4ea-45fe-8c56-0af3e9e2e1e6,Managed Care Risk Mitigation COVID-19 PHE amendment,
89897d99-9c7e-4475-9815-3e71708dd352,674aac2b-0390-4171-8c9d-4c1c3c03a8e6,Transitional Rent-Community Support,
8cbe1c30-8b78-4c66-8b4d-1dc6aa90b759,b948eef7-7d1c-44a1-bce9-264e1bd1adbd,Expansion of Behavioral Health and Supportive Housing Assistance Pilot,
8dd91d38-fbd3-4d49-8735-c3aa42dc6a73,b948eef7-7d1c-44a1-bce9-264e1bd1adbd,Florida Managed Medical Assistance (MMA) Amendment,
8e1176a4-6d9e-4258-b058-855ee4b31b9d,8cb9aba6-e34e-451a-81b5-49212188a3a5,"Expanding access, HRSN, and payment reform",
8f1f11a7-8398-47e4-8891-9b03b1a8560d,51573012-04dc-491f-b41a-0bb4b24efec9,Duals Demo,
9082ab6c-6c8c-4290-8cb9-0497a54b355b,7247c6cc-a4f8-422b-a0d4-eb7023de52c4,Delaware COVID 19 Amendment,
9368bc5d-845f-4100-8e38-82a4895b751a,83c3e37c-2043-4d84-ba05-c305d78b230b,MN 2020 Pathways to Independence Amendment,
93aac463-f051-4f83-bdf7-8f3a5b6c6205,e14e3eb8-f350-403c-bee3-21868690dfe4,Disability Wraparound Coverage and Dental Services,
950fcd2f-4f1f-41dd-bc0d-ac257837771d,0181f074-ee92-420b-822d-aedfadcd4c7d,Continuous Coverage for Individuals Determined Ineligible for CHIP COVID Amendment,
982be203-d26f-477d-bcc6-cea99fb4d491,d40d1207-a663-40bd-8036-287fc06ea360,RI PCS Amendment,
98c57471-6d7f-4432-b122-43ef914f1beb,f935244b-2eac-4613-b7fa-d94d731015c5,Fertility Preservation,
99b5f4e4-9072-4d43-a767-888ff839fa20,0977ad7f-a35c-4e4e-b50b-2f1834ad5014,"Delivery System Reform Incentive Payment & COVID-19 Amendment: Request from 2020,  we never acted upon it, state never withdrew",
9a7713d3-de8b-44aa-a022-f597dfbf0773,bb46787a-42bc-417f-a7b8-cdef0fda771f,Colorado ROP Extension COVID-19 PHE Demonstration Amendment,
9b235170-7893-4b07-89a6-d0a338e0cc13,68da4d77-9660-454c-8715-1dbf75bbc63a,Serious Mental Illness Amendment,
9d5f9218-6afd-465f-aea0-783c6494a809,ec46307f-ec7b-4e65-a15e-bb1c3d360114,Traditional Healing Amendment,
a07522dd-7b9f-43a8-9afd-7807503c1361,e14e3eb8-f350-403c-bee3-21868690dfe4,Utah Managed Care Risk Mitigation COVID-19 Amendment,
a664bde0-11bc-47f3-876f-392e943b092c,c7c07fe5-ac27-4296-9440-13916aa30f3a,MD HealthChoice Reentry Amendment,
b40aacee-3dac-447e-a9b6-23b85ad86812,76f5cfc6-aae5-470d-bdd3-9492644e3dbd,Managed Care Risk Mitigation COVID-19 PHE Amendment,
b526c4a0-fd7e-4b09-af5f-302fc71143a2,e14e3eb8-f350-403c-bee3-21868690dfe4,Housing Related Services and Supports,
b646eaa5-5146-42ba-8793-f9ff4daffbfb,e9225e11-2ed6-4c44-b08b-497ff585e349,Uncompensated Care and Tribal Amendment,
b8979015-28d2-462d-b4c9-23e734e74637,0181f074-ee92-420b-822d-aedfadcd4c7d,Reentry and NMT Amendment,
bcff12d0-748c-47e9-ac21-567260b29630,0977ad7f-a35c-4e4e-b50b-2f1834ad5014,SUDPIP/Postpartum,
bd04b5ec-78bb-42e4-af8b-28d59388da88,bf354cb7-af95-45ad-9efa-9e9c76184a8a,CHIP Aging out,
bf144d9c-f861-4915-9640-faae738fe092,674aac2b-0390-4171-8c9d-4c1c3c03a8e6,Asset Test Amendment,
c0a1acc2-15f1-458d-94b6-c5fed8f205d4,e14e3eb8-f350-403c-bee3-21868690dfe4,Premium Assistance Amendment,
c13062a4-817d-498f-8c5e-e4f449c1d978,dac3f05e-1815-4d03-8066-5aa5c1c7ff4a,Equity,
c16a997e-e0f9-4347-8494-9ce77a7ad192,c7c07fe5-ac27-4296-9440-13916aa30f3a,"ACIS, ELE & Fertility Preservation",
c2f49dfd-0b97-4aab-bc5c-416624ae2cf9,76f5cfc6-aae5-470d-bdd3-9492644e3dbd,Georgia Planning for Healthy Babies- PCS Amendment,
c5798784-3aef-4ad7-b15a-8248b8a7a274,e9225e11-2ed6-4c44-b08b-497ff585e349,CHIP Amendment,
c74f0781-a0c4-4277-9844-6daa46cdc03d,68da4d77-9660-454c-8715-1dbf75bbc63a,Continuous Eligibility Amendment,
c7b6bc2b-de8c-4594-94a2-f94a7cdbec01,7247c6cc-a4f8-422b-a0d4-eb7023de52c4,Delaware Diamond State Health Plan 1115 Demonstration HCBS Amendment,
c88d9b17-5c4d-4c6c-b028-d0ba7894ef2f,a1720a4f-5984-4b4c-b929-d10fb071ee97,NH PE for HCBS Amendment,
c8dabc76-00ef-4790-b6bf-569e26aa1ed9,674aac2b-0390-4171-8c9d-4c1c3c03a8e6,CBAS Provider Payments Attachment K,
cace5bc9-6f15-4469-b848-03d64fa0662f,60ea7851-9e7e-4105-ae9d-fdf7ee9dce7a,Public Health Emergency- Managed Care,
cb5f2906-d9da-497b-8695-092e12c18b9e,f641320f-8cae-452f-999f-f650d13d24ff,STI/STD Amendment,
cb65dde4-8817-4d5e-8d2d-ca9819c0905d,0b11ca84-a492-41e1-9fb1-7c988da310ba,Community Engagement Amendment,
cd347114-a964-462b-a855-bfd14c955c14,b9d64f02-8673-49dd-892f-63a63865358e,"Contingency Management, Tenancy Support Services, and Pre-Release Services",
cd8bd6bd-4867-4466-84f4-2d6f204c8628,0b11ca84-a492-41e1-9fb1-7c988da310ba,COVID-19 Disaster Relief Waiver,
cdb1dabc-8e0f-4648-9216-4540cfe80211,ec46307f-ec7b-4e65-a15e-bb1c3d360114,COVID-19 Amendment,
ce6b5e64-f60b-4661-b1f2-10c25e1c6ad1,71e8bdde-35a5-43a0-9ebd-53cd29bb5aed,Reasonable Opportunity Period Extension,
d2e61c74-178a-4791-b53d-8a1e4ebddd40,bb46787a-42bc-417f-a7b8-cdef0fda771f,Colorado managed care risk mitigation COVID-19 PHE amendment,
d4ce7d33-6c38-4061-85a7-09a7d7be42fd,7247c6cc-a4f8-422b-a0d4-eb7023de52c4,2nd Delaware COVID 19 Amendment,
d81482a4-fc33-45dc-be8b-9a3a0dd1356e,51573012-04dc-491f-b41a-0bb4b24efec9,CAA Waiver,
da5535b9-14bf-48f9-9061-03a8b14f988c,b948eef7-7d1c-44a1-bce9-264e1bd1adbd,Eligibility Redetermination Exemption,
dbb154f3-4cf5-430e-adbd-df9df5867685,80a1a128-5ef0-47ba-af5a-d9bb4be2af9f,SMI Amendment,
dd544bef-c3da-45bb-b665-546f32a96a7e,5d2f4ed6-f0c0-4ca8-b358-0895ecec7264,Community Engagement Amendment,
df7bf572-fa7b-4af6-b217-ab6ed109ada7,e05f17af-8550-4ebe-81d5-e3804993556c,Substance Use Disorder Amendment,
e084fdf7-7572-4eda-9b86-bf3bed22ba02,e14e3eb8-f350-403c-bee3-21868690dfe4,Chronic Conditions Supports,
e1db1851-cd99-4ccc-82aa-a2a48982c475,b8ce4b5d-b2e0-49ce-9878-2f77b5da13a3,COVID-19 Amendment,
e50ea93d-3fdc-4ca1-b94b-958c044e6330,7ae1272a-e47a-4228-aae8-7855b6737052,COVID-19 Amendment,
e576fa42-1317-481f-bb30-8e5b26e96c27,e14e3eb8-f350-403c-bee3-21868690dfe4,Fertility Preservation,
e7572db9-1cc7-4455-9d22-d0d676dd4792,e14e3eb8-f350-403c-bee3-21868690dfe4,IVF and Genetic Testing Amendment,
e79fd204-c812-4957-a90a-46c3beb81d56,c7c07fe5-ac27-4296-9440-13916aa30f3a,Four Walls,
e7ed830c-61a5-4f3b-b6e0-b7c2f120fd3e,e14e3eb8-f350-403c-bee3-21868690dfe4,Integrated Services,
ec1d7adf-e662-4db6-a5a5-d6ab811f2d24,68da4d77-9660-454c-8715-1dbf75bbc63a,PHE - CHIP Amendment,
ec76e94b-178b-414b-a442-16cfa3b83a2e,e9225e11-2ed6-4c44-b08b-497ff585e349,Foster Care Expansion,
eef2cfd3-6b55-45b0-82ef-17f2d932c519,68da4d77-9660-454c-8715-1dbf75bbc63a,Managed Care Amendment,
f13dadee-5052-421c-b42b-3dbba6740c2e,e14e3eb8-f350-403c-bee3-21868690dfe4,Justice-involved Amendment,
f35c1cd7-761e-4072-a2d6-1abe8117ced5,0181f074-ee92-420b-822d-aedfadcd4c7d,FFCY Eligibility and Enrollment,
f4358c61-6506-497e-a179-dac4603ce4a4,f723aea0-4ef8-4a60-b98e-0393f346cfbd,Postpartum Coverage,
f69d1f8d-849e-4c43-84af-1d6aadb19433,b8ce4b5d-b2e0-49ce-9878-2f77b5da13a3,Montana Plan First STI Amendment,
f6eec1f1-9bdc-41ea-a810-e0695dd360b1,a1720a4f-5984-4b4c-b929-d10fb071ee97,SMI Amendment,
fa288f4b-d424-4cfa-8faa-c1e2b08dc009,7359cb4b-7f34-4322-9379-448e4c4a3ebf,Managed Care Risk Mitigation COVID-19 PHE amendment,
fb5ab5b6-9802-4344-9765-bc636223a99c,0181f074-ee92-420b-822d-aedfadcd4c7d,Housing Supports Amendment,
fd3ac48a-a385-4ba1-b26f-f078f892ccfc,e05f17af-8550-4ebe-81d5-e3804993556c,Maine SUD,
