application_id,date_type_id,violation,counterpart_date_type_id,detail
08a66d07-dfe1-4225-b3d1-cf7604909b58,Completeness Completion Date,missing_counterpart,Completeness Start Date,gte rule against Completeness Start Date cannot be evaluated: the application has no Completeness Start Date
12d5ea2c-39f6-43af-ba29-0226e0daeafe,Completeness Completion Date,missing_counterpart,Completeness Start Date,gte rule against Completeness Start Date cannot be evaluated: the application has no Completeness Start Date
14c27c1b-f1a4-4c07-9999-0f2cd25078ff,Completeness Completion Date,missing_counterpart,Completeness Start Date,gte rule against Completeness Start Date cannot be evaluated: the application has no Completeness Start Date
1954dc33-d848-47e8-ab15-15f3194fc715,Completeness Completion Date,missing_counterpart,Completeness Start Date,gte rule against Completeness Start Date cannot be evaluated: the application has no Completeness Start Date
20cf31ac-c083-4d90-8028-8685c18a1751,Completeness Completion Date,missing_counterpart,Completeness Start Date,gte rule against Completeness Start Date cannot be evaluated: the application has no Completeness Start Date
24d0aa55-6041-43b0-8e4b-5ef69afa5505,Completeness Completion Date,missing_counterpart,Completeness Start Date,gte rule against Completeness Start Date cannot be evaluated: the application has no Completeness Start Date
291eb311-4a9a-48ff-b096-fd0df6e11d73,Completeness Completion Date,missing_counterpart,Completeness Start Date,gte rule against Completeness Start Date cannot be evaluated: the application has no Completeness Start Date
2f359794-acc9-448b-9d78-688316494cdb,Completeness Completion Date,missing_counterpart,Completeness Start Date,gte rule against Completeness Start Date cannot be evaluated: the application has no Completeness Start Date
41ec9d51-efde-4812-8ea6-541a7ff514a0,Completeness Completion Date,missing_counterpart,Completeness Start Date,gte rule against Completeness Start Date cannot be evaluated: the application has no Completeness Start Date
42526f23-48f1-49b5-9fde-d5c39fb878ce,Completeness Completion Date,missing_counterpart,Completeness Start Date,gte rule against Completeness Start Date cannot be evaluated: the application has no Completeness Start Date
47d34a19-20af-453d-ab23-0220c875f015,Completeness Completion Date,missing_counterpart,Completeness Start Date,gte rule against Completeness Start Date cannot be evaluated: the application has no Completeness Start Date
4a9b897c-da61-4e97-a8e9-e4bc2ce93e96,Completeness Completion Date,missing_counterpart,Completeness Start Date,gte rule against Completeness Start Date cannot be evaluated: the application has no Completeness Start Date
4c6c743f-8114-4aa5-a6b8-791fe18d1f92,Completeness Completion Date,missing_counterpart,Completeness Start Date,gte rule against Completeness Start Date cannot be evaluated: the application has no Completeness Start Date
4c6dc7a2-d2cb-43e4-b152-40125666dab8,Completeness Completion Date,missing_counterpart,Completeness Start Date,gte rule against Completeness Start Date cannot be evaluated: the application has no Completeness Start Date
5a88a48c-be2a-4ea2-a58e-c18791fe9104,Completeness Completion Date,missing_counterpart,Completeness Start Date,gte rule against Completeness Start Date cannot be evaluated: the application has no Completeness Start Date
5c34d3d0-1936-4271-8fd6-75df66ff3866,Completeness Completion Date,missing_counterpart,Completeness Start Date,gte rule against Completeness Start Date cannot be evaluated: the application has no Completeness Start Date
5d57bdd1-b045-435e-b7b4-64a57a0b451c,Completeness Completion Date,missing_counterpart,Completeness Start Date,gte rule against Completeness Start Date cannot be evaluated: the application has no Completeness Start Date
6e8a0329-4bdb-454f-bf70-3718526ded6b,Completeness Completion Date,missing_counterpart,Completeness Start Date,gte rule against Completeness Start Date cannot be evaluated: the application has no Completeness Start Date
73d073a5-d31c-49c5-8e37-9edf2f970f4b,Completeness Completion Date,missing_counterpart,Completeness Start Date,gte rule against Completeness Start Date cannot be evaluated: the application has no Completeness Start Date
81e1fec1-9bde-4a7a-ae6e-2b00df15a2cd,Completeness Completion Date,missing_counterpart,Completeness Start Date,gte rule against Completeness Start Date cannot be evaluated: the application has no Completeness Start Date
8ffa4527-5033-4710-8777-0b7629a3cd04,Completeness Completion Date,missing_counterpart,Completeness Start Date,gte rule against Completeness Start Date cannot be evaluated: the application has no Completeness Start Date
937936aa-d1ee-4041-8200-0d2b53c7c9b1,Completeness Completion Date,missing_counterpart,Completeness Start Date,gte rule against Completeness Start Date cannot be evaluated: the application has no Completeness Start Date
98f9e541-362d-4893-ad83-81bdfea6d66c,Completeness Completion Date,missing_counterpart,Completeness Start Date,gte rule against Completeness Start Date cannot be evaluated: the application has no Completeness Start Date
9af9da7a-22c7-483a-a78f-b785ea1841a2,Completeness Completion Date,missing_counterpart,Completeness Start Date,gte rule against Completeness Start Date cannot be evaluated: the application has no Completeness Start Date
b4fdb539-22a8-407f-8ce0-1226acac5b27,Completeness Completion Date,missing_counterpart,Completeness Start Date,gte rule against Completeness Start Date cannot be evaluated: the application has no Completeness Start Date
b93e171d-8d45-4f17-92d5-adac4866e548,Completeness Completion Date,missing_counterpart,Completeness Start Date,gte rule against Completeness Start Date cannot be evaluated: the application has no Completeness Start Date
b9d64f02-8673-49dd-892f-63a63865358e,Completeness Completion Date,missing_counterpart,Completeness Start Date,gte rule against Completeness Start Date cannot be evaluated: the application has no Completeness Start Date
be915209-b5be-4971-8147-6e50ee5ed395,Completeness Completion Date,missing_counterpart,Completeness Start Date,gte rule against Completeness Start Date cannot be evaluated: the application has no Completeness Start Date
bf1f52ca-0c3b-4f54-ad12-a2b503b76c7a,Completeness Completion Date,missing_counterpart,Completeness Start Date,gte rule against Completeness Start Date cannot be evaluated: the application has no Completeness Start Date
c018c553-bf3d-4713-97a6-5aa5d2952c59,Completeness Completion Date,missing_counterpart,Completeness Start Date,gte rule against Completeness Start Date cannot be evaluated: the application has no Completeness Start Date
c948646b-f026-482b-a299-c42a17ab7c62,Completeness Completion Date,missing_counterpart,Completeness Start Date,gte rule against Completeness Start Date cannot be evaluated: the application has no Completeness Start Date
ca1d4801-fc20-45e9-9f7e-8d7d5f7746ad,Completeness Completion Date,missing_counterpart,Completeness Start Date,gte rule against Completeness Start Date cannot be evaluated: the application has no Completeness Start Date
cd264625-039e-4096-acc7-cb52f69da2d8,Completeness Completion Date,missing_counterpart,Completeness Start Date,gte rule against Completeness Start Date cannot be evaluated: the application has no Completeness Start Date
ce6100de-f679-44c4-bd26-819ef099a5cb,Completeness Completion Date,missing_counterpart,Completeness Start Date,gte rule against Completeness Start Date cannot be evaluated: the application has no Completeness Start Date
d6bc8012-3397-4f21-84af-61f59f658e89,Completeness Completion Date,missing_counterpart,Completeness Start Date,gte rule against Completeness Start Date cannot be evaluated: the application has no Completeness Start Date
dd2fb878-c1f6-4cdc-bf30-53b78a858f68,Completeness Completion Date,missing_counterpart,Completeness Start Date,gte rule against Completeness Start Date cannot be evaluated: the application has no Completeness Start Date
e0cbb5b9-393e-4b35-8d2c-f5e3adf551af,Completeness Completion Date,missing_counterpart,Completeness Start Date,gte rule against Completeness Start Date cannot be evaluated: the application has no Completeness Start Date
ecc9c0ed-2d1d-4a59-9d83-4c3431cfb144,Completeness Completion Date,missing_counterpart,Completeness Start Date,gte rule against Completeness Start Date cannot be evaluated: the application has no Completeness Start Date
eee52288-0cd7-4fe4-9e6a-a85ace8df4b4,Completeness Completion Date,missing_counterpart,Completeness Start Date,gte rule against Completeness Start Date cannot be evaluated: the application has no Completeness Start Date
f1f0fbcd-558c-4f0b-96a0-3004ae019846,Completeness Completion Date,missing_counterpart,Completeness Start Date,gte rule against Completeness Start Date cannot be evaluated: the application has no Completeness Start Date
f74d0af7-eee2-4cdf-8279-b5494534de99,Completeness Completion Date,missing_counterpart,Completeness Start Date,gte rule against Completeness Start Date cannot be evaluated: the application has no Completeness Start Date
fdf14feb-7061-4c29-b811-3421897765e1,Completeness Completion Date,missing_counterpart,Completeness Start Date,gte rule against Completeness Start Date cannot be evaluated: the application has no Completeness Start Date
12d5ea2c-39f6-43af-ba29-0226e0daeafe,Completeness Review Due Date,missing_counterpart,State Application Submitted Date,offset rule against State Application Submitted Date cannot be evaluated: the application has no State Application Submitted Date
20cf31ac-c083-4d90-8028-8685c18a1751,Completeness Review Due Date,missing_counterpart,State Application Submitted Date,offset rule against State Application Submitted Date cannot be evaluated: the application has no State Application Submitted Date
24d0aa55-6041-43b0-8e4b-5ef69afa5505,Completeness Review Due Date,missing_counterpart,State Application Submitted Date,offset rule against State Application Submitted Date cannot be evaluated: the application has no State Application Submitted Date
291eb311-4a9a-48ff-b096-fd0df6e11d73,Completeness Review Due Date,missing_counterpart,State Application Submitted Date,offset rule against State Application Submitted Date cannot be evaluated: the application has no State Application Submitted Date
2f359794-acc9-448b-9d78-688316494cdb,Completeness Review Due Date,missing_counterpart,State Application Submitted Date,offset rule against State Application Submitted Date cannot be evaluated: the application has no State Application Submitted Date
47d34a19-20af-453d-ab23-0220c875f015,Completeness Review Due Date,missing_counterpart,State Application Submitted Date,offset rule against State Application Submitted Date cannot be evaluated: the application has no State Application Submitted Date
4c6c743f-8114-4aa5-a6b8-791fe18d1f92,Completeness Review Due Date,missing_counterpart,State Application Submitted Date,offset rule against State Application Submitted Date cannot be evaluated: the application has no State Application Submitted Date
4c6dc7a2-d2cb-43e4-b152-40125666dab8,Completeness Review Due Date,missing_counterpart,State Application Submitted Date,offset rule against State Application Submitted Date cannot be evaluated: the application has no State Application Submitted Date
5a88a48c-be2a-4ea2-a58e-c18791fe9104,Completeness Review Due Date,missing_counterpart,State Application Submitted Date,offset rule against State Application Submitted Date cannot be evaluated: the application has no State Application Submitted Date
5c34d3d0-1936-4271-8fd6-75df66ff3866,Completeness Review Due Date,missing_counterpart,State Application Submitted Date,offset rule against State Application Submitted Date cannot be evaluated: the application has no State Application Submitted Date
5d57bdd1-b045-435e-b7b4-64a57a0b451c,Completeness Review Due Date,missing_counterpart,State Application Submitted Date,offset rule against State Application Submitted Date cannot be evaluated: the application has no State Application Submitted Date
6e8a0329-4bdb-454f-bf70-3718526ded6b,Completeness Review Due Date,missing_counterpart,State Application Submitted Date,offset rule against State Application Submitted Date cannot be evaluated: the application has no State Application Submitted Date
81e1fec1-9bde-4a7a-ae6e-2b00df15a2cd,Completeness Review Due Date,missing_counterpart,State Application Submitted Date,offset rule against State Application Submitted Date cannot be evaluated: the application has no State Application Submitted Date
8ffa4527-5033-4710-8777-0b7629a3cd04,Completeness Review Due Date,missing_counterpart,State Application Submitted Date,offset rule against State Application Submitted Date cannot be evaluated: the application has no State Application Submitted Date
98f9e541-362d-4893-ad83-81bdfea6d66c,Completeness Review Due Date,missing_counterpart,State Application Submitted Date,offset rule against State Application Submitted Date cannot be evaluated: the application has no State Application Submitted Date
b4fdb539-22a8-407f-8ce0-1226acac5b27,Completeness Review Due Date,missing_counterpart,State Application Submitted Date,offset rule against State Application Submitted Date cannot be evaluated: the application has no State Application Submitted Date
bf1f52ca-0c3b-4f54-ad12-a2b503b76c7a,Completeness Review Due Date,missing_counterpart,State Application Submitted Date,offset rule against State Application Submitted Date cannot be evaluated: the application has no State Application Submitted Date
c948646b-f026-482b-a299-c42a17ab7c62,Completeness Review Due Date,missing_counterpart,State Application Submitted Date,offset rule against State Application Submitted Date cannot be evaluated: the application has no State Application Submitted Date
ca1d4801-fc20-45e9-9f7e-8d7d5f7746ad,Completeness Review Due Date,missing_counterpart,State Application Submitted Date,offset rule against State Application Submitted Date cannot be evaluated: the application has no State Application Submitted Date
cd264625-039e-4096-acc7-cb52f69da2d8,Completeness Review Due Date,missing_counterpart,State Application Submitted Date,offset rule against State Application Submitted Date cannot be evaluated: the application has no State Application Submitted Date
dd2fb878-c1f6-4cdc-bf30-53b78a858f68,Completeness Review Due Date,missing_counterpart,State Application Submitted Date,offset rule against State Application Submitted Date cannot be evaluated: the application has no State Application Submitted Date
e0cbb5b9-393e-4b35-8d2c-f5e3adf551af,Completeness Review Due Date,missing_counterpart,State Application Submitted Date,offset rule against State Application Submitted Date cannot be evaluated: the application has no State Application Submitted Date
ecc9c0ed-2d1d-4a59-9d83-4c3431cfb144,Completeness Review Due Date,missing_counterpart,State Application Submitted Date,offset rule against State Application Submitted Date cannot be evaluated: the application has no State Application Submitted Date
ed53410f-9827-495c-9d86-0d65a2ffc847,Completeness Review Due Date,missing_counterpart,State Application Submitted Date,offset rule against State Application Submitted Date cannot be evaluated: the application has no State Application Submitted Date
eee52288-0cd7-4fe4-9e6a-a85ace8df4b4,Completeness Review Due Date,missing_counterpart,State Application Submitted Date,offset rule against State Application Submitted Date cannot be evaluated: the application has no State Application Submitted Date
f1f0fbcd-558c-4f0b-96a0-3004ae019846,Completeness Review Due Date,missing_counterpart,State Application Submitted Date,offset rule against State Application Submitted Date cannot be evaluated: the application has no State Application Submitted Date
12d5ea2c-39f6-43af-ba29-0226e0daeafe,Federal Comment Period Start Date,missing_counterpart,State Application Deemed Complete,offset rule against State Application Deemed Complete cannot be evaluated: the application has no State Application Deemed Complete
14c27c1b-f1a4-4c07-9999-0f2cd25078ff,Federal Comment Period Start Date,missing_counterpart,State Application Deemed Complete,offset rule against State Application Deemed Complete cannot be evaluated: the application has no State Application Deemed Complete
1954dc33-d848-47e8-ab15-15f3194fc715,Federal Comment Period Start Date,missing_counterpart,State Application Deemed Complete,offset rule against State Application Deemed Complete cannot be evaluated: the application has no State Application Deemed Complete
20cf31ac-c083-4d90-8028-8685c18a1751,Federal Comment Period Start Date,missing_counterpart,State Application Deemed Complete,offset rule against State Application Deemed Complete cannot be evaluated: the application has no State Application Deemed Complete
24d0aa55-6041-43b0-8e4b-5ef69afa5505,Federal Comment Period Start Date,missing_counterpart,State Application Deemed Complete,offset rule against State Application Deemed Complete cannot be evaluated: the application has no State Application Deemed Complete
291eb311-4a9a-48ff-b096-fd0df6e11d73,Federal Comment Period Start Date,missing_counterpart,State Application Deemed Complete,offset rule against State Application Deemed Complete cannot be evaluated: the application has no State Application Deemed Complete
2f359794-acc9-448b-9d78-688316494cdb,Federal Comment Period Start Date,missing_counterpart,State Application Deemed Complete,offset rule against State Application Deemed Complete cannot be evaluated: the application has no State Application Deemed Complete
41ec9d51-efde-4812-8ea6-541a7ff514a0,Federal Comment Period Start Date,missing_counterpart,State Application Deemed Complete,offset rule against State Application Deemed Complete cannot be evaluated: the application has no State Application Deemed Complete
42526f23-48f1-49b5-9fde-d5c39fb878ce,Federal Comment Period Start Date,missing_counterpart,State Application Deemed Complete,offset rule against State Application Deemed Complete cannot be evaluated: the application has no State Application Deemed Complete
4a9b897c-da61-4e97-a8e9-e4bc2ce93e96,Federal Comment Period Start Date,missing_counterpart,State Application Deemed Complete,offset rule against State Application Deemed Complete cannot be evaluated: the application has no State Application Deemed Complete
4c6c743f-8114-4aa5-a6b8-791fe18d1f92,Federal Comment Period Start Date,missing_counterpart,State Application Deemed Complete,offset rule against State Application Deemed Complete cannot be evaluated: the application has no State Application Deemed Complete
4c6dc7a2-d2cb-43e4-b152-40125666dab8,Federal Comment Period Start Date,missing_counterpart,State Application Deemed Complete,offset rule against State Application Deemed Complete cannot be evaluated: the application has no State Application Deemed Complete
5c34d3d0-1936-4271-8fd6-75df66ff3866,Federal Comment Period Start Date,missing_counterpart,State Application Deemed Complete,offset rule against State Application Deemed Complete cannot be evaluated: the application has no State Application Deemed Complete
5d57bdd1-b045-435e-b7b4-64a57a0b451c,Federal Comment Period Start Date,missing_counterpart,State Application Deemed Complete,offset rule against State Application Deemed Complete cannot be evaluated: the application has no State Application Deemed Complete
6e8a0329-4bdb-454f-bf70-3718526ded6b,Federal Comment Period Start Date,missing_counterpart,State Application Deemed Complete,offset rule against State Application Deemed Complete cannot be evaluated: the application has no State Application Deemed Complete
81e1fec1-9bde-4a7a-ae6e-2b00df15a2cd,Federal Comment Period Start Date,missing_counterpart,State Application Deemed Complete,offset rule against State Application Deemed Complete cannot be evaluated: the application has no State Application Deemed Complete
8ffa4527-5033-4710-8777-0b7629a3cd04,Federal Comment Period Start Date,missing_counterpart,State Application Deemed Complete,offset rule against State Application Deemed Complete cannot be evaluated: the application has no State Application Deemed Complete
937936aa-d1ee-4041-8200-0d2b53c7c9b1,Federal Comment Period Start Date,missing_counterpart,State Application Deemed Complete,offset rule against State Application Deemed Complete cannot be evaluated: the application has no State Application Deemed Complete
98f9e541-362d-4893-ad83-81bdfea6d66c,Federal Comment Period Start Date,missing_counterpart,State Application Deemed Complete,offset rule against State Application Deemed Complete cannot be evaluated: the application has no State Application Deemed Complete
9af9da7a-22c7-483a-a78f-b785ea1841a2,Federal Comment Period Start Date,missing_counterpart,State Application Deemed Complete,offset rule against State Application Deemed Complete cannot be evaluated: the application has no State Application Deemed Complete
b4fdb539-22a8-407f-8ce0-1226acac5b27,Federal Comment Period Start Date,missing_counterpart,State Application Deemed Complete,offset rule against State Application Deemed Complete cannot be evaluated: the application has no State Application Deemed Complete
b93e171d-8d45-4f17-92d5-adac4866e548,Federal Comment Period Start Date,missing_counterpart,State Application Deemed Complete,offset rule against State Application Deemed Complete cannot be evaluated: the application has no State Application Deemed Complete
b9d64f02-8673-49dd-892f-63a63865358e,Federal Comment Period Start Date,missing_counterpart,State Application Deemed Complete,offset rule against State Application Deemed Complete cannot be evaluated: the application has no State Application Deemed Complete
be915209-b5be-4971-8147-6e50ee5ed395,Federal Comment Period Start Date,missing_counterpart,State Application Deemed Complete,offset rule against State Application Deemed Complete cannot be evaluated: the application has no State Application Deemed Complete
bf1f52ca-0c3b-4f54-ad12-a2b503b76c7a,Federal Comment Period Start Date,missing_counterpart,State Application Deemed Complete,offset rule against State Application Deemed Complete cannot be evaluated: the application has no State Application Deemed Complete
c018c553-bf3d-4713-97a6-5aa5d2952c59,Federal Comment Period Start Date,missing_counterpart,State Application Deemed Complete,offset rule against State Application Deemed Complete cannot be evaluated: the application has no State Application Deemed Complete
ca1d4801-fc20-45e9-9f7e-8d7d5f7746ad,Federal Comment Period Start Date,missing_counterpart,State Application Deemed Complete,offset rule against State Application Deemed Complete cannot be evaluated: the application has no State Application Deemed Complete
d6bc8012-3397-4f21-84af-61f59f658e89,Federal Comment Period Start Date,missing_counterpart,State Application Deemed Complete,offset rule against State Application Deemed Complete cannot be evaluated: the application has no State Application Deemed Complete
e0cbb5b9-393e-4b35-8d2c-f5e3adf551af,Federal Comment Period Start Date,missing_counterpart,State Application Deemed Complete,offset rule against State Application Deemed Complete cannot be evaluated: the application has no State Application Deemed Complete
ecc9c0ed-2d1d-4a59-9d83-4c3431cfb144,Federal Comment Period Start Date,missing_counterpart,State Application Deemed Complete,offset rule against State Application Deemed Complete cannot be evaluated: the application has no State Application Deemed Complete
eee52288-0cd7-4fe4-9e6a-a85ace8df4b4,Federal Comment Period Start Date,missing_counterpart,State Application Deemed Complete,offset rule against State Application Deemed Complete cannot be evaluated: the application has no State Application Deemed Complete
f74d0af7-eee2-4cdf-8279-b5494534de99,Federal Comment Period Start Date,missing_counterpart,State Application Deemed Complete,offset rule against State Application Deemed Complete cannot be evaluated: the application has no State Application Deemed Complete
fdf14feb-7061-4c29-b811-3421897765e1,Federal Comment Period Start Date,missing_counterpart,State Application Deemed Complete,offset rule against State Application Deemed Complete cannot be evaluated: the application has no State Application Deemed Complete
0181f074-ee92-420b-822d-aedfadcd4c7d,State Application Submitted Date,missing_counterpart,Completeness Review Due Date,offset rule against Completeness Review Due Date cannot be evaluated: the application has no Completeness Review Due Date
0977ad7f-a35c-4e4e-b50b-2f1834ad5014,State Application Submitted Date,missing_counterpart,Completeness Review Due Date,offset rule against Completeness Review Due Date cannot be evaluated: the application has no Completeness Review Due Date
0a7679ae-d047-49fb-9996-9c5c497a1ad5,State Application Submitted Date,missing_counterpart,Completeness Review Due Date,offset rule against Completeness Review Due Date cannot be evaluated: the application has no Completeness Review Due Date
0b11ca84-a492-41e1-9fb1-7c988da310ba,State Application Submitted Date,missing_counterpart,Completeness Review Due Date,offset rule against Completeness Review Due Date cannot be evaluated: the application has no Completeness Review Due Date
0b49419b-eb17-4fb1-99e2-79f58fca2b75,State Application Submitted Date,missing_counterpart,Completeness Review Due Date,offset rule against Completeness Review Due Date cannot be evaluated: the application has no Completeness Review Due Date
0fbdef7a-fb36-430d-ae8d-0d34882e1c74,State Application Submitted Date,missing_counterpart,Completeness Review Due Date,offset rule against Completeness Review Due Date cannot be evaluated: the application has no Completeness Review Due Date
0fcfc81f-e55a-4374-ba2b-ec37081df6d3,State Application Submitted Date,missing_counterpart,Completeness Review Due Date,offset rule against Completeness Review Due Date cannot be evaluated: the application has no Completeness Review Due Date
13fbcf4d-aaac-4d6f-9c56-1c7de963b003,State Application Submitted Date,missing_counterpart,Completeness Review Due Date,offset rule against Completeness Review Due Date cannot be evaluated: the application has no Completeness Review Due Date
18bf9f77-362a-405b-849c-d2c642fcd9b4,State Application Submitted Date,missing_counterpart,Completeness Review Due Date,offset rule against Completeness Review Due Date cannot be evaluated: the application has no Completeness Review Due Date
19cde612-c7fa-42bf-861e-c527ab0b5b6e,State Application Submitted Date,missing_counterpart,Completeness Review Due Date,offset rule against Completeness Review Due Date cannot be evaluated: the application has no Completeness Review Due Date
1ac4f92b-8b39-4081-ab13-f12d29995ba7,State Application Submitted Date,missing_counterpart,Completeness Review Due Date,offset rule against Completeness Review Due Date cannot be evaluated: the application has no Completeness Review Due Date
1b0a267d-bb05-4d13-9499-9ce34b1aff6f,State Application Submitted Date,missing_counterpart,Completeness Review Due Date,offset rule against Completeness Review Due Date cannot be evaluated: the application has no Completeness Review Due Date
1b4db82b-54a7-4da0-b5ae-9d677c54a565,State Application Submitted Date,missing_counterpart,Completeness Review Due Date,offset rule against Completeness Review Due Date cannot be evaluated: the application has no Completeness Review Due Date
1cd11925-91b7-4110-b62f-e26f5980e336,State Application Submitted Date,missing_counterpart,Completeness Review Due Date,offset rule against Completeness Review Due Date cannot be evaluated: the application has no Completeness Review Due Date
232ce729-df65-41ad-ae63-40d269cd34aa,State Application Submitted Date,missing_counterpart,Completeness Review Due Date,offset rule against Completeness Review Due Date cannot be evaluated: the application has no Completeness Review Due Date
26cf0dca-fe07-4614-9ed1-cc59bbad3c76,State Application Submitted Date,missing_counterpart,Completeness Review Due Date,offset rule against Completeness Review Due Date cannot be evaluated: the application has no Completeness Review Due Date
293e8dd3-ade5-4490-9af4-60edcac5281f,State Application Submitted Date,missing_counterpart,Completeness Review Due Date,offset rule against Completeness Review Due Date cannot be evaluated: the application has no Completeness Review Due Date
2d38b1d0-0919-4d3c-8f42-3e6c62683b50,State Application Submitted Date,missing_counterpart,Completeness Review Due Date,offset rule against Completeness Review Due Date cannot be evaluated: the application has no Completeness Review Due Date
2dc270c0-27f0-4992-8602-1fbbdcafa7b0,State Application Submitted Date,missing_counterpart,Completeness Review Due Date,offset rule against Completeness Review Due Date cannot be evaluated: the application has no Completeness Review Due Date
31afe2bf-4951-4d57-99ba-6394eb5711ba,State Application Submitted Date,missing_counterpart,Completeness Review Due Date,offset rule against Completeness Review Due Date cannot be evaluated: the application has no Completeness Review Due Date
349f4f06-0e6c-491c-9e39-16073e2ee0f3,State Application Submitted Date,missing_counterpart,Completeness Review Due Date,offset rule against Completeness Review Due Date cannot be evaluated: the application has no Completeness Review Due Date
388ac56a-d77a-47d8-a1a9-223726638ee9,State Application Submitted Date,missing_counterpart,Completeness Review Due Date,offset rule against Completeness Review Due Date cannot be evaluated: the application has no Completeness Review Due Date
3be48392-7bc2-416c-9064-516e8fbca5fd,State Application Submitted Date,missing_counterpart,Completeness Review Due Date,offset rule against Completeness Review Due Date cannot be evaluated: the application has no Completeness Review Due Date
4300b588-9c0e-490d-9b7f-08074583756e,State Application Submitted Date,missing_counterpart,Completeness Review Due Date,offset rule against Completeness Review Due Date cannot be evaluated: the application has no Completeness Review Due Date
43f0f178-3151-4e8f-9836-5c92522c971f,State Application Submitted Date,missing_counterpart,Completeness Review Due Date,offset rule against Completeness Review Due Date cannot be evaluated: the application has no Completeness Review Due Date
45306a5c-ecaa-4ec6-9e9d-7a0c860dd0e1,State Application Submitted Date,missing_counterpart,Completeness Review Due Date,offset rule against Completeness Review Due Date cannot be evaluated: the application has no Completeness Review Due Date
47d57b40-32df-4108-b2f4-9371b7251603,State Application Submitted Date,missing_counterpart,Completeness Review Due Date,offset rule against Completeness Review Due Date cannot be evaluated: the application has no Completeness Review Due Date
4ac33e36-e034-4905-bc81-18c4fb117723,State Application Submitted Date,missing_counterpart,Completeness Review Due Date,offset rule against Completeness Review Due Date cannot be evaluated: the application has no Completeness Review Due Date
51573012-04dc-491f-b41a-0bb4b24efec9,State Application Submitted Date,missing_counterpart,Completeness Review Due Date,offset rule against Completeness Review Due Date cannot be evaluated: the application has no Completeness Review Due Date
517d3bce-f1df-4b8a-abf5-4714d5dd0e0e,State Application Submitted Date,missing_counterpart,Completeness Review Due Date,offset rule against Completeness Review Due Date cannot be evaluated: the application has no Completeness Review Due Date
545f6ac9-8513-46a2-870d-6b0bd5125436,State Application Submitted Date,missing_counterpart,Completeness Review Due Date,offset rule against Completeness Review Due Date cannot be evaluated: the application has no Completeness Review Due Date
5c9f465d-0d82-45dc-b417-a9f37d22aeca,State Application Submitted Date,missing_counterpart,Completeness Review Due Date,offset rule against Completeness Review Due Date cannot be evaluated: the application has no Completeness Review Due Date
5d2f4ed6-f0c0-4ca8-b358-0895ecec7264,State Application Submitted Date,missing_counterpart,Completeness Review Due Date,offset rule against Completeness Review Due Date cannot be evaluated: the application has no Completeness Review Due Date
60ea7851-9e7e-4105-ae9d-fdf7ee9dce7a,State Application Submitted Date,missing_counterpart,Completeness Review Due Date,offset rule against Completeness Review Due Date cannot be evaluated: the application has no Completeness Review Due Date
6121bb37-1f43-4709-be1d-7e2e0e1524e4,State Application Submitted Date,missing_counterpart,Completeness Review Due Date,offset rule against Completeness Review Due Date cannot be evaluated: the application has no Completeness Review Due Date
656ea06b-143e-4e04-981b-cc409f142662,State Application Submitted Date,missing_counterpart,Completeness Review Due Date,offset rule against Completeness Review Due Date cannot be evaluated: the application has no Completeness Review Due Date
65abf3d1-0cd4-4d40-bcce-156a76c0a035,State Application Submitted Date,missing_counterpart,Completeness Review Due Date,offset rule against Completeness Review Due Date cannot be evaluated: the application has no Completeness Review Due Date
671228dc-b10a-4ac6-b753-5e37af41c957,State Application Submitted Date,missing_counterpart,Completeness Review Due Date,offset rule against Completeness Review Due Date cannot be evaluated: the application has no Completeness Review Due Date
674aac2b-0390-4171-8c9d-4c1c3c03a8e6,State Application Submitted Date,missing_counterpart,Completeness Review Due Date,offset rule against Completeness Review Due Date cannot be evaluated: the application has no Completeness Review Due Date
68da4d77-9660-454c-8715-1dbf75bbc63a,State Application Submitted Date,missing_counterpart,Completeness Review Due Date,offset rule against Completeness Review Due Date cannot be evaluated: the application has no Completeness Review Due Date
6e11e177-b4ea-45fe-8c56-0af3e9e2e1e6,State Application Submitted Date,missing_counterpart,Completeness Review Due Date,offset rule against Completeness Review Due Date cannot be evaluated: the application has no Completeness Review Due Date
7113f4e2-9519-404d-bd73-191cffcaaeb7,State Application Submitted Date,missing_counterpart,Completeness Review Due Date,offset rule against Completeness Review Due Date cannot be evaluated: the application has no Completeness Review Due Date
71bd7472-26c4-4cd1-a1fd-d23bc11cf9e0,State Application Submitted Date,missing_counterpart,Completeness Review Due Date,offset rule against Completeness Review Due Date cannot be evaluated: the application has no Completeness Review Due Date
71e8bdde-35a5-43a0-9ebd-53cd29bb5aed,State Application Submitted Date,missing_counterpart,Completeness Review Due Date,offset rule against Completeness Review Due Date cannot be evaluated: the application has no Completeness Review Due Date
7247c6cc-a4f8-422b-a0d4-eb7023de52c4,State Application Submitted Date,missing_counterpart,Completeness Review Due Date,offset rule against Completeness Review Due Date cannot be evaluated: the application has no Completeness Review Due Date
72ba07e4-1073-4c30-976b-4c6d836a7afa,State Application Submitted Date,missing_counterpart,Completeness Review Due Date,offset rule against Completeness Review Due Date cannot be evaluated: the application has no Completeness Review Due Date
7359cb4b-7f34-4322-9379-448e4c4a3ebf,State Application Submitted Date,missing_counterpart,Completeness Review Due Date,offset rule against Completeness Review Due Date cannot be evaluated: the application has no Completeness Review Due Date
76f5cfc6-aae5-470d-bdd3-9492644e3dbd,State Application Submitted Date,missing_counterpart,Completeness Review Due Date,offset rule against Completeness Review Due Date cannot be evaluated: the application has no Completeness Review Due Date
77621ac9-146a-4540-bdf2-e59e63e5278d,State Application Submitted Date,missing_counterpart,Completeness Review Due Date,offset rule against Completeness Review Due Date cannot be evaluated: the application has no Completeness Review Due Date
7ae1272a-e47a-4228-aae8-7855b6737052,State Application Submitted Date,missing_counterpart,Completeness Review Due Date,offset rule against Completeness Review Due Date cannot be evaluated: the application has no Completeness Review Due Date
7c66762a-21ce-4e96-a766-1b705463e62c,State Application Submitted Date,missing_counterpart,Completeness Review Due Date,offset rule against Completeness Review Due Date cannot be evaluated: the application has no Completeness Review Due Date
7c9256d8-ff1b-4208-a542-9c2485ea95d7,State Application Submitted Date,missing_counterpart,Completeness Review Due Date,offset rule against Completeness Review Due Date cannot be evaluated: the application has no Completeness Review Due Date
7d0bd82d-b71e-48a5-885c-0e6efbccb57b,State Application Submitted Date,missing_counterpart,Completeness Review Due Date,offset rule against Completeness Review Due Date cannot be evaluated: the application has no Completeness Review Due Date
7e6ad85c-4984-4a98-87e8-574a2eebdc47,State Application Submitted Date,missing_counterpart,Completeness Review Due Date,offset rule against Completeness Review Due Date cannot be evaluated: the application has no Completeness Review Due Date
80a1a128-5ef0-47ba-af5a-d9bb4be2af9f,State Application Submitted Date,missing_counterpart,Completeness Review Due Date,offset rule against Completeness Review Due Date cannot be evaluated: the application has no Completeness Review Due Date
83c3e37c-2043-4d84-ba05-c305d78b230b,State Application Submitted Date,missing_counterpart,Completeness Review Due Date,offset rule against Completeness Review Due Date cannot be evaluated: the application has no Completeness Review Due Date
8cb9aba6-e34e-451a-81b5-49212188a3a5,State Application Submitted Date,missing_counterpart,Completeness Review Due Date,offset rule against Completeness Review Due Date cannot be evaluated: the application has no Completeness Review Due Date
9125774f-80db-44ba-a2c0-9fdcbd3deef9,State Application Submitted Date,missing_counterpart,Completeness Review Due Date,offset rule against Completeness Review Due Date cannot be evaluated: the application has no Completeness Review Due Date
946c3779-7558-40f6-b24b-e7f1a581f2f5,State Application Submitted Date,missing_counterpart,Completeness Review Due Date,offset rule against Completeness Review Due Date cannot be evaluated: the application has no Completeness Review Due Date
96bf3ad9-99db-4a02-be53-a022ee5a272a,State Application Submitted Date,missing_counterpart,Completeness Review Due Date,offset rule against Completeness Review Due Date cannot be evaluated: the application has no Completeness Review Due Date
9784d73b-3a5d-4f65-9749-34cc7058c050,State Application Submitted Date,missing_counterpart,Completeness Review Due Date,offset rule against Completeness Review Due Date cannot be evaluated: the application has no Completeness Review Due Date
9b7ac87a-0512-4582-9130-27deaa70295e,State Application Submitted Date,missing_counterpart,Completeness Review Due Date,offset rule against Completeness Review Due Date cannot be evaluated: the application has no Completeness Review Due Date
9e0362bb-03dd-4149-9164-5827f02feb08,State Application Submitted Date,missing_counterpart,Completeness Review Due Date,offset rule against Completeness Review Due Date cannot be evaluated: the application has no Completeness Review Due Date
a0426e42-6d70-4059-b67d-0d0135a58ba8,State Application Submitted Date,missing_counterpart,Completeness Review Due Date,offset rule against Completeness Review Due Date cannot be evaluated: the application has no Completeness Review Due Date
a1720a4f-5984-4b4c-b929-d10fb071ee97,State Application Submitted Date,missing_counterpart,Completeness Review Due Date,offset rule against Completeness Review Due Date cannot be evaluated: the application has no Completeness Review Due Date
a4c7e4c0-c0d3-4f12-8b13-3d259379ccdc,State Application Submitted Date,missing_counterpart,Completeness Review Due Date,offset rule against Completeness Review Due Date cannot be evaluated: the application has no Completeness Review Due Date
b2b50a67-a9c7-4796-8bbb-2885202e8cf5,State Application Submitted Date,missing_counterpart,Completeness Review Due Date,offset rule against Completeness Review Due Date cannot be evaluated: the application has no Completeness Review Due Date
b4397db8-6c82-4093-8872-91cbf5698efe,State Application Submitted Date,missing_counterpart,Completeness Review Due Date,offset rule against Completeness Review Due Date cannot be evaluated: the application has no Completeness Review Due Date
b58d203e-fe49-446d-8872-05ee866c51bc,State Application Submitted Date,missing_counterpart,Completeness Review Due Date,offset rule against Completeness Review Due Date cannot be evaluated: the application has no Completeness Review Due Date
b8ce4b5d-b2e0-49ce-9878-2f77b5da13a3,State Application Submitted Date,missing_counterpart,Completeness Review Due Date,offset rule against Completeness Review Due Date cannot be evaluated: the application has no Completeness Review Due Date
b8de55ab-ee94-46c0-af13-e3762df85d10,State Application Submitted Date,missing_counterpart,Completeness Review Due Date,offset rule against Completeness Review Due Date cannot be evaluated: the application has no Completeness Review Due Date
b948eef7-7d1c-44a1-bce9-264e1bd1adbd,State Application Submitted Date,missing_counterpart,Completeness Review Due Date,offset rule against Completeness Review Due Date cannot be evaluated: the application has no Completeness Review Due Date
b973a0b2-97a5-4846-8396-ba03f50995ef,State Application Submitted Date,missing_counterpart,Completeness Review Due Date,offset rule against Completeness Review Due Date cannot be evaluated: the application has no Completeness Review Due Date
bb46787a-42bc-417f-a7b8-cdef0fda771f,State Application Submitted Date,missing_counterpart,Completeness Review Due Date,offset rule against Completeness Review Due Date cannot be evaluated: the application has no Completeness Review Due Date
bc2eaa99-81ce-4727-9212-2e647e4e40a1,State Application Submitted Date,missing_counterpart,Completeness Review Due Date,offset rule against Completeness Review Due Date cannot be evaluated: the application has no Completeness Review Due Date
bc598f12-3acd-4021-9163-0c01c53d11dd,State Application Submitted Date,missing_counterpart,Completeness Review Due Date,offset rule against Completeness Review Due Date cannot be evaluated: the application has no Completeness Review Due Date
be09c9ac-d9b9-4370-a268-d973ec0d16f5,State Application Submitted Date,missing_counterpart,Completeness Review Due Date,offset rule against Completeness Review Due Date cannot be evaluated: the application has no Completeness Review Due Date
bf354cb7-af95-45ad-9efa-9e9c76184a8a,State Application Submitted Date,missing_counterpart,Completeness Review Due Date,offset rule against Completeness Review Due Date cannot be evaluated: the application has no Completeness Review Due Date
c3046e84-add8-4311-8c2b-a4b4b454c7fd,State Application Submitted Date,missing_counterpart,Completeness Review Due Date,offset rule against Completeness Review Due Date cannot be evaluated: the application has no Completeness Review Due Date
c34edfa1-113c-47c3-8443-aa98f8a984c7,State Application Submitted Date,missing_counterpart,Completeness Review Due Date,offset rule against Completeness Review Due Date cannot be evaluated: the application has no Completeness Review Due Date
c7c07fe5-ac27-4296-9440-13916aa30f3a,State Application Submitted Date,missing_counterpart,Completeness Review Due Date,offset rule against Completeness Review Due Date cannot be evaluated: the application has no Completeness Review Due Date
cb7441d0-c691-4dfb-b98d-a2a8f4b7e81f,State Application Submitted Date,missing_counterpart,Completeness Review Due Date,offset rule against Completeness Review Due Date cannot be evaluated: the application has no Completeness Review Due Date
ccf6abde-3eae-4fb9-a473-bcf38786512f,State Application Submitted Date,missing_counterpart,Completeness Review Due Date,offset rule against Completeness Review Due Date cannot be evaluated: the application has no Completeness Review Due Date
cfd0656a-ae45-41c2-bb82-62df6645076f,State Application Submitted Date,missing_counterpart,Completeness Review Due Date,offset rule against Completeness Review Due Date cannot be evaluated: the application has no Completeness Review Due Date
d40d1207-a663-40bd-8036-287fc06ea360,State Application Submitted Date,missing_counterpart,Completeness Review Due Date,offset rule against Completeness Review Due Date cannot be evaluated: the application has no Completeness Review Due Date
d74e616c-e6db-4410-9ce1-eadd02eca4e5,State Application Submitted Date,missing_counterpart,Completeness Review Due Date,offset rule against Completeness Review Due Date cannot be evaluated: the application has no Completeness Review Due Date
dac3f05e-1815-4d03-8066-5aa5c1c7ff4a,State Application Submitted Date,missing_counterpart,Completeness Review Due Date,offset rule against Completeness Review Due Date cannot be evaluated: the application has no Completeness Review Due Date
dcdd103d-91da-441d-bd81-3aebf0b31e37,State Application Submitted Date,missing_counterpart,Completeness Review Due Date,offset rule against Completeness Review Due Date cannot be evaluated: the application has no Completeness Review Due Date
e05f17af-8550-4ebe-81d5-e3804993556c,State Application Submitted Date,missing_counterpart,Completeness Review Due Date,offset rule against Completeness Review Due Date cannot be evaluated: the application has no Completeness Review Due Date
e14e3eb8-f350-403c-bee3-21868690dfe4,State Application Submitted Date,missing_counterpart,Completeness Review Due Date,offset rule against Completeness Review Due Date cannot be evaluated: the application has no Completeness Review Due Date
e3b59b4d-8488-4e32-ae71-b6b3c244ef41,State Application Submitted Date,missing_counterpart,Completeness Review Due Date,offset rule against Completeness Review Due Date cannot be evaluated: the application has no Completeness Review Due Date
e9225e11-2ed6-4c44-b08b-497ff585e349,State Application Submitted Date,missing_counterpart,Completeness Review Due Date,offset rule against Completeness Review Due Date cannot be evaluated: the application has no Completeness Review Due Date
ec46307f-ec7b-4e65-a15e-bb1c3d360114,State Application Submitted Date,missing_counterpart,Completeness Review Due Date,offset rule against Completeness Review Due Date cannot be evaluated: the application has no Completeness Review Due Date
f28de1d9-0c7f-482b-be4a-37a5010395b6,State Application Submitted Date,missing_counterpart,Completeness Review Due Date,offset rule against Completeness Review Due Date cannot be evaluated: the application has no Completeness Review Due Date
f641320f-8cae-452f-999f-f650d13d24ff,State Application Submitted Date,missing_counterpart,Completeness Review Due Date,offset rule against Completeness Review Due Date cannot be evaluated: the application has no Completeness Review Due Date
f723aea0-4ef8-4a60-b98e-0393f346cfbd,State Application Submitted Date,missing_counterpart,Completeness Review Due Date,offset rule against Completeness Review Due Date cannot be evaluated: the application has no Completeness Review Due Date
f8750186-e249-4421-8246-abb93a6a80e2,State Application Submitted Date,missing_counterpart,Completeness Review Due Date,offset rule against Completeness Review Due Date cannot be evaluated: the application has no Completeness Review Due Date
f935244b-2eac-4613-b7fa-d94d731015c5,State Application Submitted Date,missing_counterpart,Completeness Review Due Date,offset rule against Completeness Review Due Date cannot be evaluated: the application has no Completeness Review Due Date
fa23b695-abaf-4991-a36c-fd3b562bca5d,State Application Submitted Date,missing_counterpart,Completeness Review Due Date,offset rule against Completeness Review Due Date cannot be evaluated: the application has no Completeness Review Due Date
fb67f194-6495-46de-b313-f37e3f77892e,State Application Submitted Date,missing_counterpart,Completeness Review Due Date,offset rule against Completeness Review Due Date cannot be evaluated: the application has no Completeness Review Due Date
fbca251b-1a37-4c01-bc0f-7a8f956e81fd,State Application Submitted Date,missing_counterpart,Completeness Review Due Date,offset rule against Completeness Review Due Date cannot be evaluated: the application has no Completeness Review Due Date
fbdc0ed1-78a9-40fb-a4ba-4d055f887373,State Application Submitted Date,missing_counterpart,Completeness Review Due Date,offset rule against Completeness Review Due Date cannot be evaluated: the application has no Completeness Review Due Date
fc8af835-194a-4fdb-a3db-750a7af79998,State Application Submitted Date,missing_counterpart,Completeness Review Due Date,offset rule against Completeness Review Due Date cannot be evaluated: the application has no Completeness Review Due Date
fe0d0cd6-268b-42a8-a671-88f6cf199192,State Application Submitted Date,missing_counterpart,Completeness Review Due Date,offset rule against Completeness Review Due Date cannot be evaluated: the application has no Completeness Review Due Date
fe371a3a-ba6b-4f7c-83e7-60f36602e89d,State Application Submitted Date,missing_counterpart,Completeness Review Due Date,offset rule against Completeness Review Due Date cannot be evaluated: the application has no Completeness Review Due Date
4c6c743f-8114-4aa5-a6b8-791fe18d1f92,Federal Comment Period End Date,offset,Federal Comment Period Start Date,"must be Federal Comment Period Start Date +30 day(s); expected 2019-11-27 00:00:00, got 2019-11-28"
b93e171d-8d45-4f17-92d5-adac4866e548,Federal Comment Period End Date,offset,Federal Comment Period Start Date,"must be Federal Comment Period Start Date +30 day(s); expected 2016-02-18 00:00:00, got 2016-02-17"
4c6c743f-8114-4aa5-a6b8-791fe18d1f92,Federal Comment Period Start Date,offset,Federal Comment Period End Date,"must be Federal Comment Period End Date -30 day(s); expected 2019-10-29 00:00:00, got 2019-10-28"
b93e171d-8d45-4f17-92d5-adac4866e548,Federal Comment Period Start Date,offset,Federal Comment Period End Date,"must be Federal Comment Period End Date -30 day(s); expected 2016-01-18 00:00:00, got 2016-01-19"
