deliverable_id,legacy_id,demonstration_id,status_cd,reason
c6181225-96ed-4c44-8271-57306055dfb5,1657,8cb9aba6-e34e-451a-81b5-49212188a3a5,0,N/A deliverable status (code 0) -- excluded per SME
f9ba9e84-72e1-4661-8d7e-7c0839626bbf,1658,8cb9aba6-e34e-451a-81b5-49212188a3a5,0,N/A deliverable status (code 0) -- excluded per SME
4f4b5afd-97c6-4ede-8251-9f45807dc7cc,7912,7c9256d8-ff1b-4208-a542-9c2485ea95d7,6,parent demonstration not loaded as Approved
738f21ba-c101-41d5-af42-9e84fd87e7ea,7913,7c9256d8-ff1b-4208-a542-9c2485ea95d7,6,parent demonstration not loaded as Approved
bd0ac63e-11bd-4adb-959f-3db9394f4cf1,7914,7c9256d8-ff1b-4208-a542-9c2485ea95d7,6,parent demonstration not loaded as Approved
a2804954-9628-4dbd-8cf6-63c1ac1937bd,7915,7c9256d8-ff1b-4208-a542-9c2485ea95d7,6,parent demonstration not loaded as Approved
ea5b5d3e-1b0c-4b71-8942-3ad63145f0a6,7916,7c9256d8-ff1b-4208-a542-9c2485ea95d7,6,parent demonstration not loaded as Approved
4e904ec7-7f1b-44de-b59a-70fd9d2899aa,7917,7c9256d8-ff1b-4208-a542-9c2485ea95d7,6,parent demonstration not loaded as Approved
b79f1ba0-33ab-4783-a06a-285e1d3d9999,7927,7c9256d8-ff1b-4208-a542-9c2485ea95d7,4,parent demonstration not loaded as Approved
cd4a0a06-e981-43b6-a488-e7f993a25fe7,8024,7c9256d8-ff1b-4208-a542-9c2485ea95d7,5,parent demonstration not loaded as Approved
04142741-849a-4e32-a167-b241165eb82d,8025,7c9256d8-ff1b-4208-a542-9c2485ea95d7,5,parent demonstration not loaded as Approved
1df67f81-3be3-441d-924a-eb49dce3cc78,8026,7c9256d8-ff1b-4208-a542-9c2485ea95d7,5,parent demonstration not loaded as Approved
a500691a-46e1-4b54-8499-378c109c7319,8027,7c9256d8-ff1b-4208-a542-9c2485ea95d7,5,parent demonstration not loaded as Approved
d0abc8fd-8c24-4f91-aad2-d159ee3a723a,8028,7c9256d8-ff1b-4208-a542-9c2485ea95d7,5,parent demonstration not loaded as Approved
3a314709-0bc7-4eab-b4f6-3a0be7ffd2dd,8029,7c9256d8-ff1b-4208-a542-9c2485ea95d7,5,parent demonstration not loaded as Approved
c3bc03dd-7209-4f7e-be0d-a17ab6f4b6df,8030,7c9256d8-ff1b-4208-a542-9c2485ea95d7,5,parent demonstration not loaded as Approved
28ed2b73-5c9d-4fa5-a735-328ab00435e5,8031,7c9256d8-ff1b-4208-a542-9c2485ea95d7,5,parent demonstration not loaded as Approved
2289f399-631b-44e0-86dc-d3115b3634a1,8032,7c9256d8-ff1b-4208-a542-9c2485ea95d7,5,parent demonstration not loaded as Approved
975c8111-f7a4-4fd5-878a-10b56fd1a499,8033,7c9256d8-ff1b-4208-a542-9c2485ea95d7,5,parent demonstration not loaded as Approved
ec7b8544-4736-4ff6-8965-e53644067b47,8034,7c9256d8-ff1b-4208-a542-9c2485ea95d7,5,parent demonstration not loaded as Approved
790a0925-6b51-4bc1-bc98-067f7c36504d,8035,7c9256d8-ff1b-4208-a542-9c2485ea95d7,5,parent demonstration not loaded as Approved
eb1f99bc-e5fa-4423-8182-6a4ee6c01687,8036,7c9256d8-ff1b-4208-a542-9c2485ea95d7,5,parent demonstration not loaded as Approved
d400db9c-c512-40b2-8464-519949d89363,8037,7c9256d8-ff1b-4208-a542-9c2485ea95d7,1,parent demonstration not loaded as Approved
99e673f9-0ed4-4ab2-9266-534ccb2fcdc4,8038,7c9256d8-ff1b-4208-a542-9c2485ea95d7,1,parent demonstration not loaded as Approved
473ecb4d-6b88-4c9c-ad55-87768cba2a75,8444,2251c2b9-2ab8-426c-8635-442d8fe6a43b,6,parent demonstration not loaded as Approved
9ebbda3f-b125-4d48-9d9d-6ecd5e4a9cf6,8448,23fd4558-5f36-4056-ae6e-579e04523c09,6,parent demonstration not loaded as Approved
0fdf7d92-e448-4240-b6a3-7bff6b8a946c,8653,b7a8b05e-18c3-4706-8475-8266ebb47441,6,parent demonstration not loaded as Approved
0ef34e66-30ca-44a3-8862-82bb5dc4f157,8711,f9e8377b-9e06-42c3-bcd5-1d7d827be94a,6,parent demonstration not loaded as Approved
9e9619c0-43d8-407d-8a9d-e13c3fe69e60,8712,f9e8377b-9e06-42c3-bcd5-1d7d827be94a,5,parent demonstration not loaded as Approved
164846bc-4a67-48ef-8093-354833aa09fa,8713,f9e8377b-9e06-42c3-bcd5-1d7d827be94a,5,parent demonstration not loaded as Approved
51761da3-2bbe-4709-a9ab-cdd603e30939,8714,f9e8377b-9e06-42c3-bcd5-1d7d827be94a,5,parent demonstration not loaded as Approved
a27176eb-0c8e-45a0-8745-c326e53433da,8715,f9e8377b-9e06-42c3-bcd5-1d7d827be94a,5,parent demonstration not loaded as Approved
88e62d32-a27a-4813-bac5-ceecd9dd7726,8716,f9e8377b-9e06-42c3-bcd5-1d7d827be94a,5,parent demonstration not loaded as Approved
3637c148-6f58-4ec1-83a1-877c578f057e,8717,f9e8377b-9e06-42c3-bcd5-1d7d827be94a,5,parent demonstration not loaded as Approved
d30008f4-ef31-4a3a-a041-1a1d31beb496,8718,f9e8377b-9e06-42c3-bcd5-1d7d827be94a,5,parent demonstration not loaded as Approved
337769be-cfce-455c-ae6d-95bbc2448117,8719,f9e8377b-9e06-42c3-bcd5-1d7d827be94a,5,parent demonstration not loaded as Approved
f7b162da-e896-4725-95b5-51b826c8e6d9,8720,f9e8377b-9e06-42c3-bcd5-1d7d827be94a,5,parent demonstration not loaded as Approved
6ec020dc-121e-4a6f-8667-e6658941653f,8721,f9e8377b-9e06-42c3-bcd5-1d7d827be94a,5,parent demonstration not loaded as Approved
b2780341-d0c4-47ad-93fe-b788f677559a,8722,f9e8377b-9e06-42c3-bcd5-1d7d827be94a,5,parent demonstration not loaded as Approved
9062a7cf-1bb4-4b12-a15a-ce5f4fc61b15,8723,f9e8377b-9e06-42c3-bcd5-1d7d827be94a,5,parent demonstration not loaded as Approved
114bf6bb-c46d-4b4c-9ac6-925cd01d320c,8724,f9e8377b-9e06-42c3-bcd5-1d7d827be94a,5,parent demonstration not loaded as Approved
9cb93d0e-3ade-45f4-b730-87ccd62a5f11,8725,f9e8377b-9e06-42c3-bcd5-1d7d827be94a,5,parent demonstration not loaded as Approved
b075859e-8e09-45af-8a2c-220fb7afa19a,8726,f9e8377b-9e06-42c3-bcd5-1d7d827be94a,5,parent demonstration not loaded as Approved
fa9d0c73-18b7-470c-ae12-089dfc4f45bc,8727,f9e8377b-9e06-42c3-bcd5-1d7d827be94a,5,parent demonstration not loaded as Approved
670086fb-9876-4b17-b03c-c4739305cdd3,8728,f9e8377b-9e06-42c3-bcd5-1d7d827be94a,5,parent demonstration not loaded as Approved
eddd27dd-c0a0-4d2a-a315-55827ad564aa,8729,f9e8377b-9e06-42c3-bcd5-1d7d827be94a,5,parent demonstration not loaded as Approved
a4b47bff-93ac-4e90-9b39-b5aa38f25924,8730,f9e8377b-9e06-42c3-bcd5-1d7d827be94a,5,parent demonstration not loaded as Approved
3a606205-75bf-4dd2-afa1-2bc341a60bea,8731,f9e8377b-9e06-42c3-bcd5-1d7d827be94a,5,parent demonstration not loaded as Approved
7b83b526-759c-4e8f-b2d2-d9442f3a82c6,8732,f9e8377b-9e06-42c3-bcd5-1d7d827be94a,5,parent demonstration not loaded as Approved
2ef82135-0a52-4ea4-b966-ee064c070658,8733,f9e8377b-9e06-42c3-bcd5-1d7d827be94a,5,parent demonstration not loaded as Approved
2547780f-ea15-42b8-bff3-2720e2d851dd,8734,f9e8377b-9e06-42c3-bcd5-1d7d827be94a,5,parent demonstration not loaded as Approved
f3b14781-d7e1-4f03-8409-ec2c453e3c86,8735,f9e8377b-9e06-42c3-bcd5-1d7d827be94a,5,parent demonstration not loaded as Approved
c6fa9d43-b681-43b1-b59b-f7a50b6e5c28,8736,f9e8377b-9e06-42c3-bcd5-1d7d827be94a,5,parent demonstration not loaded as Approved
2c7f6607-f014-421a-b9c8-a05c56a16568,8737,f9e8377b-9e06-42c3-bcd5-1d7d827be94a,5,parent demonstration not loaded as Approved
fec05a6e-0912-4a40-99f9-753e92df06d0,8738,f9e8377b-9e06-42c3-bcd5-1d7d827be94a,5,parent demonstration not loaded as Approved
e916f5e7-093c-402a-838b-74a58db85929,8739,f9e8377b-9e06-42c3-bcd5-1d7d827be94a,5,parent demonstration not loaded as Approved
37ea5150-4c45-4837-9273-0cec851f3ecc,8740,f9e8377b-9e06-42c3-bcd5-1d7d827be94a,5,parent demonstration not loaded as Approved
2ee4217d-089c-4058-afb0-c61327f39c32,8741,f9e8377b-9e06-42c3-bcd5-1d7d827be94a,5,parent demonstration not loaded as Approved
75551856-0af4-4f06-9342-54ff2c576ad7,8742,f9e8377b-9e06-42c3-bcd5-1d7d827be94a,5,parent demonstration not loaded as Approved
15761ce5-5509-456b-8da7-147f1755b4cf,8743,f9e8377b-9e06-42c3-bcd5-1d7d827be94a,5,parent demonstration not loaded as Approved
36ecd62d-db88-4753-bc57-4c4c8be01cd0,8744,f9e8377b-9e06-42c3-bcd5-1d7d827be94a,5,parent demonstration not loaded as Approved
6771881e-478e-4bbf-87f4-534e3028ee6f,8745,f9e8377b-9e06-42c3-bcd5-1d7d827be94a,5,parent demonstration not loaded as Approved
5c5ca7b3-b418-4d13-9431-7edf45bc7247,8746,f9e8377b-9e06-42c3-bcd5-1d7d827be94a,5,parent demonstration not loaded as Approved
52193c6d-5b13-44fc-a0c6-e306dda5640e,8747,f9e8377b-9e06-42c3-bcd5-1d7d827be94a,5,parent demonstration not loaded as Approved
10befdcc-a179-4591-af50-ce874fab0784,8920,363d34f5-1b0a-4734-bc8d-fad833a5ad45,6,parent demonstration not loaded as Approved
86e72d97-10e0-4c47-b5c4-05c4d180988a,10269,7c9256d8-ff1b-4208-a542-9c2485ea95d7,6,parent demonstration not loaded as Approved
203693a6-1497-4fff-bb3f-efeff17f692a,11669,9af9da7a-22c7-483a-a78f-b785ea1841a2,15,unresolvable due_date
ffb1ed80-a1c3-4a55-9e8e-f17882fe85cc,12515,cd8d6037-25d7-40a0-879c-b8d85f443f35,3,parent demonstration not loaded as Approved
726e9209-39d9-4c88-a350-33dc37032c25,12517,cd8d6037-25d7-40a0-879c-b8d85f443f35,6,parent demonstration not loaded as Approved
18426941-9644-4120-816e-a2564e77c5d0,12532,cd8d6037-25d7-40a0-879c-b8d85f443f35,3,parent demonstration not loaded as Approved
4aaf944e-eaa4-4c5b-aae4-14b8d609a56e,12533,cd8d6037-25d7-40a0-879c-b8d85f443f35,3,parent demonstration not loaded as Approved
c881bea5-59ef-4cc5-8a39-16f41e678531,12534,cd8d6037-25d7-40a0-879c-b8d85f443f35,3,parent demonstration not loaded as Approved
