deliverable_id,legacy_id,deliverable_type_cd,demos_deliverable_type,bdgt_ntrlty_ind,name,reason
72d6c7fb-276f-4ea6-b0d5-025b72ae86ab,1495,0,Demonstration-Specific Deliverable,0,Assessment of budget neutrality,name mentions budget neutrality but type is not BN
d210d960-e67d-4015-98e0-f226263ea15c,2402,3,Monitoring Report,0,Q2 Operational Report Budget Neutrality Updated,name mentions budget neutrality but type is not BN
4447652a-9b4f-42c4-820d-36aeec089f11,2409,3,Monitoring Report,0,Q2 Operational Report Budget Neutrality Updated Excel,name mentions budget neutrality but type is not BN
21215fe0-f8ce-4122-9e84-a5dcd4754883,2936,12,Monitoring Report,0,Medicaid Transformation Project - Budget Neutrality Report - January 2018,name mentions budget neutrality but type is not BN
6911c8fd-391f-4a6a-997c-79b02dd044df,2937,12,Monitoring Report,0,Medicaid Transformation Project - Budget Neutrality Report - 2019,name mentions budget neutrality but type is not BN
785e5e34-5ee8-4eb1-9d39-89a88d9487b0,2938,70,Annual Budget Neutrality Report,0,Medicaid Transformation Project - Budget Neutrality Report - January 2020,BN type (57/70) but bdgt_ntrlty_ind=0
ceb8e7c6-9abd-4b54-a477-6c7c9fc99129,2939,70,Annual Budget Neutrality Report,0,Medicaid Transformation Project - Budget Neutrality Report - January 2021,BN type (57/70) but bdgt_ntrlty_ind=0
7b945684-737a-4872-969c-d6ce25ac8781,2940,12,Monitoring Report,0,Medicaid Transformation Project - Budget Neutrality Report - January 2022,name mentions budget neutrality but type is not BN
8ba39d3f-523c-4bf2-adda-7e5aee635ab9,3298,0,Demonstration-Specific Deliverable,0,Texas Healthcare Transformation and Quality Improvement Program - Assurance of Budget Neutrality 2018 - October 2018,name mentions budget neutrality but type is not BN
a2f0f95b-4661-44df-9d24-5a4092666230,3339,3,Monitoring Report,0,MT WASP Q1 Budget Neutrality,name mentions budget neutrality but type is not BN
377a8ce8-5c65-4420-a2d1-2cfa0c689f62,3354,0,Demonstration-Specific Deliverable,0,MT WASP Budget Neutrality Submission 2016 and 2017,name mentions budget neutrality but type is not BN
3246b9e3-0c07-4c2a-ad5d-8ebbc6801e3e,3748,57,Quarterly Budget Neutrality Report,0,Texas Healthcare Transformation and Quality Improvement Program - Quarterly Budget Neutrality Report - March 2018,BN type (57/70) but bdgt_ntrlty_ind=0
7883d4ba-1c6a-4dfe-a234-8bdd3b234ac2,3749,57,Quarterly Budget Neutrality Report,0,Texas Healthcare Transformation and Quality Improvement Program - Quarterly Budget Neutrality Report - August 2018,BN type (57/70) but bdgt_ntrlty_ind=0
f9e210b3-048b-42f0-aca8-9f7ec251d995,3750,57,Quarterly Budget Neutrality Report,0,Texas Healthcare Transformation and Quality Improvement Program - Quarterly Budget Neutrality Report - November 2018,BN type (57/70) but bdgt_ntrlty_ind=0
6fe0a901-8ad1-4ca4-a448-cff5dcf2b67f,3751,57,Quarterly Budget Neutrality Report,0,Texas Healthcare Transformation and Quality Improvement Program - Quarterly Budget Neutrality Report - March 2019,BN type (57/70) but bdgt_ntrlty_ind=0
55b2e8d2-b011-4f89-93c2-12f27c7a6b19,3753,57,Quarterly Budget Neutrality Report,0,Texas Healthcare Transformation and Quality Improvement Program - Quarterly Budget Neutrality Report,BN type (57/70) but bdgt_ntrlty_ind=0
06cd7889-f9e2-43c1-92ca-25af6e3a1871,4265,57,Quarterly Budget Neutrality Report,0,Substance Use Disorder Treatment and Recovery Access (SUD-TRA) - Quarterly Expenditure Report - May 2022,BN type (57/70) but bdgt_ntrlty_ind=0
262f8045-2e45-4274-995a-06ef93d5aa17,4475,57,Quarterly Budget Neutrality Report,0,KanCare - Quarterly Budget Neutrality Report - February 2019,BN type (57/70) but bdgt_ntrlty_ind=0
967f0bdc-8cc6-42d9-997e-aeb001c3441d,4956,0,Demonstration-Specific Deliverable,0,Managed Medical Assistance - Quarterly Budget Neutrality Report - 01/01/2019 - 03/30/2019,name mentions budget neutrality but type is not BN
e4223d0e-0146-4b39-a0db-5294dfab355f,5811,55,Monitoring Report,0,Texas Healthcare Transformation and Quality Improvement Program - Annual Budget Neutrality Monitoring Report - October 2019,name mentions budget neutrality but type is not BN
b7bf54a4-7502-4b56-97dc-b3cb9785062f,5812,70,Annual Budget Neutrality Report,0,Texas Healthcare Transformation and Quality Improvement Program - Annual Budget Neutrality Monitoring Report - October 2020,BN type (57/70) but bdgt_ntrlty_ind=0
9dee8018-b289-47e1-bc5b-e83cd0d56d15,6094,53,Monitoring Report,0,Managed Medical Assistance - Quarterly Budget Neutrality Report  - DY14 Q1,name mentions budget neutrality but type is not BN
c0ef8e56-14dc-4d82-986f-1e14577528a2,6605,57,Quarterly Budget Neutrality Report,0,Healthy Texas Women - Quarterly Budget Neutrality Report - DY1Q1,BN type (57/70) but bdgt_ntrlty_ind=0
6fa2398c-bf53-405e-9c8b-f48f32d37b6d,6606,57,Quarterly Budget Neutrality Report,0,Healthy Texas Women - Quarterly Budget Neutrality Report - DY1Q2,BN type (57/70) but bdgt_ntrlty_ind=0
dedbdc0e-d80a-4d37-8557-686e3028fe07,6607,57,Quarterly Budget Neutrality Report,0,Healthy Texas Women - Quarterly Budget Neutrality Report - DY1Q3,BN type (57/70) but bdgt_ntrlty_ind=0
ffad1eee-188d-4a43-aea7-f75c2f7e0ff1,6792,57,Quarterly Budget Neutrality Report,0,DSRIP year 5 Quarter 4,BN type (57/70) but bdgt_ntrlty_ind=0
75a4eba6-9eb5-4fd5-869a-4a13b6665df3,6824,57,Quarterly Budget Neutrality Report,0,Idaho Behavioral Health Transformation - Quarterly Budget Neutrality Report - DY1Q1,BN type (57/70) but bdgt_ntrlty_ind=0
4aff91db-a3d1-4f42-84b7-91a6a613762d,6825,57,Quarterly Budget Neutrality Report,0,Idaho Behavioral Health Transformation - Quarterly Budget Neutrality Report - DY1Q2,BN type (57/70) but bdgt_ntrlty_ind=0
8261ff65-4112-4c64-a069-c6873711319d,7865,57,Quarterly Budget Neutrality Report,0,Oregon Health Plan Substance Use Disorder 1115 Demonstration - Quarterly Budget Neutrality Report - DY1Q1,BN type (57/70) but bdgt_ntrlty_ind=0
3f7f4738-273c-45ee-afaa-8f65fcfbc39d,7866,57,Quarterly Budget Neutrality Report,0,Oregon Health Plan Substance Use Disorder 1115 Demonstration - Quarterly Budget Neutrality Report - DY1Q2,BN type (57/70) but bdgt_ntrlty_ind=0
8970dc36-0882-483f-b90d-c496e3fcae18,7867,57,Quarterly Budget Neutrality Report,0,Oregon Health Plan Substance Use Disorder 1115 Demonstration - Quarterly Budget Neutrality Report - DY1Q3,BN type (57/70) but bdgt_ntrlty_ind=0
4a999c70-2333-45a0-94e3-2014b149f436,7868,57,Quarterly Budget Neutrality Report,0,Oregon Health Plan Substance Use Disorder 1115 Demonstration - Quarterly Budget Neutrality Report - DY2Q1,BN type (57/70) but bdgt_ntrlty_ind=0
aa5a0d63-48d3-48c5-8ee3-e930a7e2543e,7869,57,Quarterly Budget Neutrality Report,0,Oregon Health Plan Substance Use Disorder 1115 Demonstration - Quarterly Budget Neutrality Report - DY2Q2,BN type (57/70) but bdgt_ntrlty_ind=0
ce9b303e-0c85-4bf0-9d2a-1f133be73786,7870,57,Quarterly Budget Neutrality Report,0,Oregon Health Plan Substance Use Disorder 1115 Demonstration - Quarterly Budget Neutrality Report - DY2Q3,BN type (57/70) but bdgt_ntrlty_ind=0
2705ceeb-bc7a-442e-819d-4136c5640608,7871,57,Quarterly Budget Neutrality Report,0,Oregon Health Plan Substance Use Disorder 1115 Demonstration - Quarterly Budget Neutrality Report - DY3Q1,BN type (57/70) but bdgt_ntrlty_ind=0
82344527-f3d2-480b-a718-b6af8b18d050,7872,57,Quarterly Budget Neutrality Report,0,Oregon Health Plan Substance Use Disorder 1115 Demonstration - Quarterly Budget Neutrality Report - DY3Q2,BN type (57/70) but bdgt_ntrlty_ind=0
82a83c9d-f2b0-458b-ad41-a866cf317281,7873,57,Quarterly Budget Neutrality Report,0,Oregon Health Plan Substance Use Disorder 1115 Demonstration - Quarterly Budget Neutrality Report - DY3Q3,BN type (57/70) but bdgt_ntrlty_ind=0
7f4a56c7-0d6c-489e-ac16-b9c12aa05d27,7874,57,Quarterly Budget Neutrality Report,0,Oregon Health Plan Substance Use Disorder 1115 Demonstration - Quarterly Budget Neutrality Report - DY4Q1,BN type (57/70) but bdgt_ntrlty_ind=0
abdbdea2-4964-43dc-9664-33481e5a48bb,7875,57,Quarterly Budget Neutrality Report,0,Oregon Health Plan Substance Use Disorder 1115 Demonstration - Quarterly Budget Neutrality Report - DY4Q2,BN type (57/70) but bdgt_ntrlty_ind=0
4f317b63-33b6-466a-b089-8657271472f7,7876,57,Quarterly Budget Neutrality Report,0,Oregon Health Plan Substance Use Disorder 1115 Demonstration - Quarterly Budget Neutrality Report - DY4Q3,BN type (57/70) but bdgt_ntrlty_ind=0
3429f971-b471-45db-9e16-928655ec8283,7877,57,Quarterly Budget Neutrality Report,0,Oregon Health Plan Substance Use Disorder 1115 Demonstration - Quarterly Budget Neutrality Report - DY5Q1,BN type (57/70) but bdgt_ntrlty_ind=0
19d1c9dc-6efe-4257-8530-d4d1e6d21570,7878,57,Quarterly Budget Neutrality Report,0,Oregon Health Plan Substance Use Disorder 1115 Demonstration - Quarterly Budget Neutrality Report - DY5Q2,BN type (57/70) but bdgt_ntrlty_ind=0
3358d3ad-47fa-41e0-8592-f5550d2b2f33,7879,57,Quarterly Budget Neutrality Report,0,Oregon Health Plan Substance Use Disorder 1115 Demonstration - Quarterly Budget Neutrality Report - DY5Q3,BN type (57/70) but bdgt_ntrlty_ind=0
0420c6e5-fbad-496f-9a7d-56fecaf880a2,8134,0,Demonstration-Specific Deliverable,0,Draft Budget Neutrality with LIP Data Rebasing Workbook - March 2027,name mentions budget neutrality but type is not BN
fe1d9487-a1d8-4860-8d96-b49db7466b12,8398,0,Demonstration-Specific Deliverable,0,Texas Healthcare Transformation and Quality Improvement Program - Assurance of Budget Neutrality - October 2021,name mentions budget neutrality but type is not BN
41dab43c-3af4-4d4f-b0b0-ebcfe943a292,8399,0,Demonstration-Specific Deliverable,0,Texas Healthcare Transformation and Quality Improvement Program -  - Assurance of Budget Neutrality - October 2022,name mentions budget neutrality but type is not BN
12178a7d-a031-4d0b-bfd9-a827d313083a,8400,0,Demonstration-Specific Deliverable,0,Texas Healthcare Transformation and Quality Improvement Program -  - Assurance of Budget Neutrality - January 2023,name mentions budget neutrality but type is not BN
97d3360a-9bc1-46a3-9c84-479de1a5c1d2,8401,0,Demonstration-Specific Deliverable,0,Texas Healthcare Transformation and Quality Improvement Program - - Assurance of Budget Neutrality - October 2025,name mentions budget neutrality but type is not BN
7c202c6e-f2f1-4725-9508-ee8e868f9e59,8402,0,Demonstration-Specific Deliverable,0,Texas Healthcare Transformation and Quality Improvement Program -  - Assurance of Budget Neutrality - October 2024,name mentions budget neutrality but type is not BN
2f569784-6af1-480a-ad94-7e4c462472ef,8403,0,Demonstration-Specific Deliverable,0,Texas Healthcare Transformation and Quality Improvement Program -  - Assurance of Budget Neutrality - October 2026,name mentions budget neutrality but type is not BN
2e6b9a41-e535-4ba5-9110-abbd7926d3b4,8404,0,Demonstration-Specific Deliverable,0,Texas Healthcare Transformation and Quality Improvement Program -  - Assurance of Budget Neutrality - October 2027,name mentions budget neutrality but type is not BN
3917ad67-8840-47ce-bc61-fc7f6777a906,8405,0,Demonstration-Specific Deliverable,0,Texas Healthcare Transformation and Quality Improvement Program -  - Assurance of Budget Neutrality - October 2028,name mentions budget neutrality but type is not BN
3060f607-0066-4077-ae3f-6baaa0141b5a,8406,0,Demonstration-Specific Deliverable,0,Texas Healthcare Transformation and Quality Improvement Program -  - Assurance of Budget Neutrality - October 2029,name mentions budget neutrality but type is not BN
ee553d18-5f2f-40e5-aeb2-709283a18ca2,8407,0,Demonstration-Specific Deliverable,0,Texas Healthcare Transformation and Quality Improvement Program - Assurance of Budget Neutrality - October 2030,name mentions budget neutrality but type is not BN
dbd68b3c-eead-4371-9360-65ef259cd6de,10816,83,Demonstration-Specific Deliverable,0,KY HEALTH -Quarterly Budget Neutrality Report - DY6Q4 - October 2023,name mentions budget neutrality but type is not BN
9d935e07-e284-464e-8478-112edaf0b019,11449,83,Demonstration-Specific Deliverable,0,KY HEALTH - Quarterly Budget Neutrality Report- DY7 Q3 - August 2024,name mentions budget neutrality but type is not BN
