document_id,legacy_id,deliverable_id,file_type_cd,origin_cd,document_type_id,reason
2a80a6d2-d159-438f-b3ec-7c5b0d9b663c,76,82f663e1-4275-4270-922d-e9a501a6ff81,,S,General File,parent deliverable not loaded
4b42af17-3e47-4f26-8662-a6721bf6a35b,77,82f663e1-4275-4270-922d-e9a501a6ff81,,S,General File,parent deliverable not loaded
8ff060ed-cc63-47d6-8936-654cdf9a3efb,78,82f663e1-4275-4270-922d-e9a501a6ff81,,S,General File,parent deliverable not loaded
09e1b632-08b9-435f-8716-1d7c129de298,79,82f663e1-4275-4270-922d-e9a501a6ff81,,S,General File,parent deliverable not loaded
aaea2c7a-8a06-40b7-88a6-2c036e6b78b5,80,82f663e1-4275-4270-922d-e9a501a6ff81,,S,General File,parent deliverable not loaded
fa57a0d3-f1e4-4383-abb5-e968826039f1,81,82f663e1-4275-4270-922d-e9a501a6ff81,,S,General File,parent deliverable not loaded
f4e5f53f-56db-4a30-bb5f-3080ed7f5a1f,82,82f663e1-4275-4270-922d-e9a501a6ff81,,S,General File,parent deliverable not loaded
1255a50f-83ea-472f-8656-6d70d60ead7b,83,82f663e1-4275-4270-922d-e9a501a6ff81,,S,General File,parent deliverable not loaded
9cdb84c6-30f3-4ff6-933a-515594cb3540,84,82f663e1-4275-4270-922d-e9a501a6ff81,,S,General File,parent deliverable not loaded
cade365b-aa41-4332-937a-aae7fd6ffd2d,85,82f663e1-4275-4270-922d-e9a501a6ff81,,S,General File,parent deliverable not loaded
6bc10dec-0555-4680-9f1d-f75ebbc50629,86,002d150b-57dc-493e-8598-c4262a67c59d,,S,General File,parent deliverable not loaded
d69f643d-93b4-4e1e-bcd7-7ed1954a43da,87,002d150b-57dc-493e-8598-c4262a67c59d,,S,General File,parent deliverable not loaded
ee0b9782-0ab5-4eb7-9220-569bb90529ac,88,002d150b-57dc-493e-8598-c4262a67c59d,,S,General File,parent deliverable not loaded
8a8bde8b-2e2e-4bd6-9e0d-e11a00016567,89,002d150b-57dc-493e-8598-c4262a67c59d,,S,General File,parent deliverable not loaded
42979df8-53c8-4306-94e5-8c90c7335fcd,90,002d150b-57dc-493e-8598-c4262a67c59d,,S,General File,parent deliverable not loaded
1a8557d8-4bb2-4b05-9c97-ac10331f54e5,91,be04ac20-825e-4a6c-ac59-df7e6b4ea770,,S,General File,parent deliverable not loaded
ce7afa20-5bab-45ca-8884-b03e4daf2a38,92,be04ac20-825e-4a6c-ac59-df7e6b4ea770,,S,General File,parent deliverable not loaded
6c6f3e4f-0deb-40f5-81be-7df4fb5ec87e,93,be04ac20-825e-4a6c-ac59-df7e6b4ea770,,S,General File,parent deliverable not loaded
b988dcd5-66a9-4673-9135-f33a4ccc8a4f,94,be04ac20-825e-4a6c-ac59-df7e6b4ea770,,S,General File,parent deliverable not loaded
a30b54f7-325b-4961-b738-32156841c535,95,be04ac20-825e-4a6c-ac59-df7e6b4ea770,,S,General File,parent deliverable not loaded
6754e439-5c12-488b-bfe7-00e32bebfec2,96,be04ac20-825e-4a6c-ac59-df7e6b4ea770,,S,General File,parent deliverable not loaded
404a04b2-61bf-47af-b962-a969c8465d5e,97,be04ac20-825e-4a6c-ac59-df7e6b4ea770,,S,General File,parent deliverable not loaded
a19e23fb-a84e-44bb-873c-7ec21c842bb9,98,be04ac20-825e-4a6c-ac59-df7e6b4ea770,,S,General File,parent deliverable not loaded
1ad28cac-3688-47ee-a8f1-c450aae57b37,99,be04ac20-825e-4a6c-ac59-df7e6b4ea770,,S,General File,parent deliverable not loaded
f83cc056-2714-471f-9774-6eb51c931278,100,be04ac20-825e-4a6c-ac59-df7e6b4ea770,,S,General File,parent deliverable not loaded
d34c3a5a-d091-4756-9a63-a89b495d9308,249,9c28dd89-a436-4b18-914a-ab9d98a4d097,,S,General File,parent deliverable not loaded
5cc1d97d-58cd-42da-8150-fbf78273689c,250,9c28dd89-a436-4b18-914a-ab9d98a4d097,,S,General File,parent deliverable not loaded
a8ba76a6-502e-4b36-a71a-bc2df636e82c,251,9c28dd89-a436-4b18-914a-ab9d98a4d097,,S,General File,parent deliverable not loaded
5ba39c8a-d85a-4878-a90a-f3fed91f014b,309,75057e7d-5058-45f5-8ff2-eaf93fcb591d,,C,General File,parent deliverable not loaded
b17ecc2f-38b5-4b5f-bc38-71eedaa33177,323,784e4346-7457-4419-a15f-6f72b25c6f26,,C,General File,parent deliverable not loaded
57b11527-343c-4302-a16a-828cc93b7c84,324,dc9f2a6a-ffbe-4e6d-b66e-ae6afb1efc34,,C,General File,parent deliverable not loaded
fb5f9bbe-22a2-4bd6-9336-c403258b1442,355,9c28dd89-a436-4b18-914a-ab9d98a4d097,,S,General File,parent deliverable not loaded
d5ed857e-813d-46b7-b840-4f0e815999b6,356,9c28dd89-a436-4b18-914a-ab9d98a4d097,,S,General File,parent deliverable not loaded
2ef3f9aa-c4d5-4532-9447-43a79c51c506,357,9c28dd89-a436-4b18-914a-ab9d98a4d097,,S,General File,parent deliverable not loaded
3d164e9a-6586-4e56-bd70-28a83204c9eb,370,9c28dd89-a436-4b18-914a-ab9d98a4d097,,S,General File,parent deliverable not loaded
c2089c45-e976-49b8-8004-1d4ff6ddc66e,371,9c28dd89-a436-4b18-914a-ab9d98a4d097,,S,General File,parent deliverable not loaded
5f365132-f8bd-4db3-9433-a1e7e1dd8984,396,109b4943-027e-49e2-ad1b-017b296f31ca,,S,General File,parent deliverable not loaded
0cac736e-ad5b-47fd-9006-2055f9dfc5de,397,23beea56-88bd-4a4c-92ec-1f2e037c936e,,S,General File,parent deliverable not loaded
be04f6b7-b190-4055-9590-9f346f795e5c,448,566620b1-456d-4e7b-a087-02f43dcc1fc6,,C,General File,parent deliverable not loaded
10e20fcd-27e2-4093-b2be-028941e056f1,450,566620b1-456d-4e7b-a087-02f43dcc1fc6,,C,General File,parent deliverable not loaded
2703ae39-494e-4524-874a-34089f3d444a,451,15b68588-5ec9-4a23-baf8-709370b5fc1c,,C,General File,parent deliverable not loaded
b61d5a44-3be7-4586-906d-7a0da404d07a,506,9c28dd89-a436-4b18-914a-ab9d98a4d097,,S,General File,parent deliverable not loaded
c21aa7ad-96a1-4056-ad19-38c8def7410e,507,9c28dd89-a436-4b18-914a-ab9d98a4d097,,S,General File,parent deliverable not loaded
93b38b21-9613-4d44-ae9b-232b0eac2ad3,508,9c28dd89-a436-4b18-914a-ab9d98a4d097,,S,General File,parent deliverable not loaded
1f2d4115-ce8a-468b-a766-a3d6412c1248,509,9c28dd89-a436-4b18-914a-ab9d98a4d097,,S,General File,parent deliverable not loaded
048cf8ed-6f13-4cd0-85e6-520ee6f7c917,510,9c28dd89-a436-4b18-914a-ab9d98a4d097,,S,General File,parent deliverable not loaded
87492448-11c2-4195-8e9e-265d3c69b712,521,4da2cbd8-e8df-47f7-846d-e4dd28819cb3,,S,General File,parent deliverable not loaded
55e7ff09-2b17-4ee4-bdff-48f1560610db,536,fdca74b6-6732-4525-8185-180d20b1bf05,,C,General File,parent deliverable not loaded
130c1250-1da6-4ded-a463-bb29d7b32d54,669,fdca74b6-6732-4525-8185-180d20b1bf05,,S,General File,parent deliverable not loaded
b9630f55-6e8e-4b89-9004-281d709e81b3,742,dc9f2a6a-ffbe-4e6d-b66e-ae6afb1efc34,,S,General File,parent deliverable not loaded
7bc34644-9446-418d-8000-e4b3ce0bfc53,743,dc9f2a6a-ffbe-4e6d-b66e-ae6afb1efc34,,S,General File,parent deliverable not loaded
d364879f-0c32-429c-9a83-96dbb9460da9,744,dc9f2a6a-ffbe-4e6d-b66e-ae6afb1efc34,,S,General File,parent deliverable not loaded
e4f76c68-2e91-481c-b713-1862958ba2e2,745,530b223e-6f0f-432e-94f5-438d6b1a130c,,S,General File,parent deliverable not loaded
bd9123cf-2375-4a54-986d-b5ddd70dcce5,754,0139f3c0-e7e6-43b5-a722-7fb6bcf2f5f1,,S,General File,parent deliverable not loaded
00f2c0c0-1b76-4013-aee1-fe4be2a31555,937,f6280df3-37c0-480f-b2e4-453278d9a46e,,S,General File,parent deliverable not loaded
5e932d7e-474b-4399-914f-2961931ca0da,938,f6280df3-37c0-480f-b2e4-453278d9a46e,,S,General File,parent deliverable not loaded
66a1339e-767b-4ae3-b30c-41209fdc7dda,939,f6280df3-37c0-480f-b2e4-453278d9a46e,,S,General File,parent deliverable not loaded
04237643-215c-43b3-b43b-1c3fad581472,940,f6280df3-37c0-480f-b2e4-453278d9a46e,,S,General File,parent deliverable not loaded
04593e08-8e87-4824-a219-184749f94b60,942,f6280df3-37c0-480f-b2e4-453278d9a46e,,S,General File,parent deliverable not loaded
9a943fb4-ad78-4c48-a9f9-b773476e3fe7,943,f6280df3-37c0-480f-b2e4-453278d9a46e,,S,General File,parent deliverable not loaded
476d8034-d946-4bf3-9ac3-18922135575e,944,f6280df3-37c0-480f-b2e4-453278d9a46e,,S,General File,parent deliverable not loaded
b871f964-b7de-457b-9112-c78bdf4257f3,945,f6280df3-37c0-480f-b2e4-453278d9a46e,,S,General File,parent deliverable not loaded
79f1f865-b004-41b6-8be8-f59f3f7dc397,946,f6280df3-37c0-480f-b2e4-453278d9a46e,,S,General File,parent deliverable not loaded
7e54b085-1d56-4160-a517-e0382991a14a,947,f6280df3-37c0-480f-b2e4-453278d9a46e,,S,General File,parent deliverable not loaded
c841e45d-0f01-4623-80c1-08e901f3e191,948,f6280df3-37c0-480f-b2e4-453278d9a46e,,S,General File,parent deliverable not loaded
2d9001e8-3f46-43d1-b475-ceecf903f95e,949,f6280df3-37c0-480f-b2e4-453278d9a46e,,S,General File,parent deliverable not loaded
5661796f-a7b4-4104-8452-3e6afec700be,950,f6280df3-37c0-480f-b2e4-453278d9a46e,,S,General File,parent deliverable not loaded
6378b3e3-80cd-4e71-8c15-2665c598b5f0,952,f6280df3-37c0-480f-b2e4-453278d9a46e,,S,General File,parent deliverable not loaded
e3634fff-33af-420b-8fd8-e4b9ae4ba8b6,953,f6280df3-37c0-480f-b2e4-453278d9a46e,,S,General File,parent deliverable not loaded
98dd15a5-1527-412b-9af9-a443da74b6b1,954,f6280df3-37c0-480f-b2e4-453278d9a46e,,S,General File,parent deliverable not loaded
63af31d1-a0d4-4af7-a33d-7575c2632dee,1086,f6280df3-37c0-480f-b2e4-453278d9a46e,,S,General File,parent deliverable not loaded
bcf8ce08-fb6c-4d6c-947c-7e2b6992ab97,1087,f6280df3-37c0-480f-b2e4-453278d9a46e,,S,General File,parent deliverable not loaded
25a98710-c5b5-4ca2-b6e8-c9745916f1d2,1443,133e0dac-3e04-4210-9b21-4798af6733d9,,C,General File,parent deliverable not loaded
a11c7f8e-7835-43c2-b3e6-d40200f93196,1449,5d84172e-53bb-46b3-b409-096e45838690,,S,General File,parent deliverable not loaded
9683a8bb-9d4d-4a3e-9c17-021d18496240,1450,5d84172e-53bb-46b3-b409-096e45838690,,S,General File,parent deliverable not loaded
afb95f75-93b9-42a9-8d42-e896c3d512a9,1451,5d84172e-53bb-46b3-b409-096e45838690,,S,General File,parent deliverable not loaded
f8c1a5dc-75f2-4cb8-aaf8-feeea49ca541,1452,5d84172e-53bb-46b3-b409-096e45838690,,S,General File,parent deliverable not loaded
99b9cc43-f436-422a-aba8-2aaf95cf1066,1453,5d84172e-53bb-46b3-b409-096e45838690,,S,General File,parent deliverable not loaded
c9f40eda-0cb5-4b52-81ed-56e2c1346f2e,1454,5d84172e-53bb-46b3-b409-096e45838690,,S,General File,parent deliverable not loaded
49c63525-8643-44b0-ba2d-93dc3ba92866,1455,5d84172e-53bb-46b3-b409-096e45838690,,S,General File,parent deliverable not loaded
4ef770d3-fb54-48a8-a12a-db58d027492b,1456,5d84172e-53bb-46b3-b409-096e45838690,,S,General File,parent deliverable not loaded
be3a3f39-8d72-4a5a-846a-36bb12c4f63e,1543,abe6b126-e3cf-4064-b7e2-1e4154e90224,,S,General File,parent deliverable not loaded
474fb48b-dc29-474d-9428-dd34ffe020e6,1965,080865b1-21f1-4878-817d-aec7cb76dd6e,,S,General File,parent deliverable not loaded
d20883d7-6edb-4343-94ff-44c7d699ac57,2054,a1ed01b7-e1fc-446f-9355-f705864b900d,,S,General File,parent deliverable not loaded
e65f1fac-1241-4f42-8c6a-2dec5c66b160,2061,1b0cb489-c6d8-4c22-b63b-1d98f26d5b0e,,S,General File,parent deliverable not loaded
080d05c4-e824-42d2-b952-fd0a473cdfd1,2125,9f178ae3-dce5-4072-90cb-0f07eb076f14,,S,General File,parent deliverable not loaded
1699bbd3-885f-4d83-aaa6-0c2b31202405,2190,96c40921-bf32-48c1-85ee-18ab37a72e24,,C,General File,parent deliverable not loaded
8d0389ee-1af4-4b4f-8c7f-6ee4a7053558,2288,f213ba16-a255-4c70-a73e-df54c56ba746,,S,General File,parent deliverable not loaded
0d3cdd4b-1044-4074-a91e-4bc22aaf642e,2335,0d7007fb-1dd1-4cb4-b524-0e11b69e2f7b,,S,General File,parent deliverable not loaded
8c63d636-5822-42d2-9f87-3cd7a0183b4e,2394,d5811f7a-3b09-4fef-9133-cc052307661b,,S,General File,parent deliverable not loaded
4da9117c-3c53-42b2-a71b-acb31381613b,2550,e7e08910-7d56-43fc-b0b5-641bdc55f346,,S,General File,parent deliverable not loaded
4d0c2641-25a8-4941-a78e-a0c8ff70aed5,2592,3a8aa282-1869-4e9e-8f66-82ba4c13177d,,C,General File,parent deliverable not loaded
704dc8f2-4b05-4d65-9581-64493eef5a17,2832,303891fc-44d1-4236-9ab6-ab4a1207d672,,S,General File,parent deliverable not loaded
4d285ff3-9df7-4ce5-ae6c-a74e3610c896,3033,216158db-13b0-4335-ab6b-cfbd91f32e20,,S,General File,parent deliverable not loaded
8a5de801-ced7-4148-a62d-340af127a6cb,3439,ae5b6bd2-6ecc-4170-a347-717dfee2d43c,,S,General File,parent deliverable not loaded
c5976138-46f1-47d4-9212-5dd01ab99b75,3803,a94f0667-7e86-4e99-afb8-dc965eecbbbd,,C,General File,parent deliverable not loaded
66860ef2-9cd1-4be4-b5cf-32e40c64cac0,4156,bf6cd790-d571-47ef-b056-f009295ea8f7,,C,General File,parent deliverable not loaded
70044d73-a0ad-486c-96ca-e3a6c086f37f,5142,483d2e0f-bf29-4e93-8fe8-be3575e87226,,S,General File,parent deliverable not loaded
b86f0e63-4ee8-463e-8916-a123804575cc,5414,111787dd-9b05-4273-91ee-7e198ebbc692,,C,General File,parent deliverable not loaded
d76e4966-4dad-47fd-9fed-4f3e915b8d44,5415,111787dd-9b05-4273-91ee-7e198ebbc692,,C,General File,parent deliverable not loaded
ee44ec86-d615-459d-ba0e-e2d0a774ed16,5751,483d2e0f-bf29-4e93-8fe8-be3575e87226,,S,General File,parent deliverable not loaded
d1d4c6be-3591-47c1-bc20-64ec616c49df,6104,d8944479-177e-42f0-a8f5-748f58ea0722,7,S,Monitoring Protocol,parent deliverable not loaded; no application row for the resolved application_id
3b582708-1f18-4c4e-8eb5-41d7d2036ef3,6106,d8944479-177e-42f0-a8f5-748f58ea0722,9,S,Monitoring Protocol,parent deliverable not loaded; no application row for the resolved application_id
9dcf0bd4-2764-4991-94c3-bbe23333177b,6107,67c6b8a1-f144-4065-b082-a5b5cc440aeb,2,S,Monitoring Report,parent deliverable not loaded; no application row for the resolved application_id
5ec438cf-c6d8-4069-a0dd-b91899bde27e,6108,67c6b8a1-f144-4065-b082-a5b5cc440aeb,3,S,Monitoring Report,parent deliverable not loaded; no application row for the resolved application_id
3c66df0e-9dd9-4b20-a8b7-bd7356edfca6,6176,473ecb4d-6b88-4c9c-ad55-87768cba2a75,,S,General File,parent deliverable not loaded; no application row for the resolved application_id
b09281bf-a97e-4278-8f04-43e5d016161d,6307,9ebbda3f-b125-4d48-9d9d-6ecd5e4a9cf6,,S,General File,parent deliverable not loaded; no application row for the resolved application_id
71166bcf-5628-476d-abb4-cf003c919df4,6389,42e4bf57-3403-48c4-b647-fbd127eb5142,,S,General File,parent deliverable not loaded; no application row for the resolved application_id
f7524e76-3e89-4701-9422-0abb8867ef35,6459,152fa308-b315-4df3-975a-3f0c7567fa2b,9,S,Monitoring Protocol,parent deliverable not loaded; no application row for the resolved application_id
e6225304-0006-40db-ad4f-7fd7703632e5,6460,44b4ef61-c838-432a-9887-1bc64ab162fe,,S,General File,parent deliverable not loaded; no application row for the resolved application_id
77f5a59c-76d2-42bc-bf77-e97b065a066e,6462,4abdbb5f-e6b7-4ec3-8f7f-468f4c5faa70,,S,General File,parent deliverable not loaded; no application row for the resolved application_id
72e9b00f-ee06-41ca-bc64-4b1466ce4d33,6464,152fa308-b315-4df3-975a-3f0c7567fa2b,7,S,Monitoring Protocol,parent deliverable not loaded; no application row for the resolved application_id
10ac9088-bc2a-4a8a-a358-5d63f5386393,6472,629f0c42-2150-4e7b-9497-bc70a3da095d,7,S,Monitoring Protocol,parent deliverable not loaded; no application row for the resolved application_id
4ddd0664-d178-4704-979b-0093cb32ace9,6473,629f0c42-2150-4e7b-9497-bc70a3da095d,9,S,Monitoring Protocol,parent deliverable not loaded; no application row for the resolved application_id
53235c8e-dea0-41a1-b90f-82c7866d4f71,6475,fc7c4c00-7a39-4cd2-a8db-27bcade81f86,2,S,Monitoring Report,parent deliverable not loaded; no application row for the resolved application_id
037be234-f721-48b2-b52a-faaada772378,6478,fc7c4c00-7a39-4cd2-a8db-27bcade81f86,3,S,Monitoring Report,parent deliverable not loaded; no application row for the resolved application_id
327c416a-8b65-42b6-af0a-e54d87d6c751,6479,fc7c4c00-7a39-4cd2-a8db-27bcade81f86,3,S,Monitoring Report,parent deliverable not loaded; no application row for the resolved application_id
1fab92ca-a8c2-4bc1-aeef-2d26c33b8f09,6480,fc7c4c00-7a39-4cd2-a8db-27bcade81f86,3,S,Monitoring Report,parent deliverable not loaded; no application row for the resolved application_id
d2965cbe-ddba-4d16-a032-e33dd64e3413,6481,fc7c4c00-7a39-4cd2-a8db-27bcade81f86,3,S,Monitoring Report,parent deliverable not loaded; no application row for the resolved application_id
3ae38693-540c-47f2-95a1-273a4011078e,6482,fc7c4c00-7a39-4cd2-a8db-27bcade81f86,3,S,Monitoring Report,parent deliverable not loaded; no application row for the resolved application_id
8414aa5b-aae7-46d3-b10a-56291372cc18,6483,fc7c4c00-7a39-4cd2-a8db-27bcade81f86,3,S,Monitoring Report,parent deliverable not loaded; no application row for the resolved application_id
c581d2dc-68f1-4a4d-9055-d2d510b7b67b,6484,fc7c4c00-7a39-4cd2-a8db-27bcade81f86,3,S,Monitoring Report,parent deliverable not loaded; no application row for the resolved application_id
e69cdd71-69af-4210-b756-57322864aa2d,6485,fc7c4c00-7a39-4cd2-a8db-27bcade81f86,3,S,Monitoring Report,parent deliverable not loaded; no application row for the resolved application_id
dec62f7f-3bfd-433a-baaa-3d497b5259f1,6486,fc7c4c00-7a39-4cd2-a8db-27bcade81f86,3,S,Monitoring Report,parent deliverable not loaded; no application row for the resolved application_id
9a459c5f-8976-466b-af69-556240c68a6f,6674,10dd6419-666a-485d-8c73-3851d5046c95,,S,General File,parent deliverable not loaded; no application row for the resolved application_id
56010a81-32c4-42b2-9756-cd8e4ea0f09e,6781,0fdf7d92-e448-4240-b6a3-7bff6b8a946c,,S,General File,parent deliverable not loaded; no application row for the resolved application_id
d64bdceb-8017-4fd8-9b28-3d29f6d4269c,6789,c72bf104-a85b-41c8-a26a-6753056a2011,,S,General File,parent deliverable not loaded
b0b52ffa-608e-4d8a-86ff-b34edf97b6b7,6790,c72bf104-a85b-41c8-a26a-6753056a2011,,S,General File,parent deliverable not loaded
732a1dce-0875-482d-bc6b-1e09b38041e0,6791,c72bf104-a85b-41c8-a26a-6753056a2011,,S,General File,parent deliverable not loaded
e0fa4970-c310-4463-87fa-58cd40464ca7,6792,b79f1ba0-33ab-4783-a06a-285e1d3d9999,,S,General File,parent deliverable not loaded
f73c8cd6-e3ad-44c8-86e8-63068eaa338d,6793,b79f1ba0-33ab-4783-a06a-285e1d3d9999,,S,General File,parent deliverable not loaded
79b47863-942e-44e7-abc3-126b0aed3458,6794,b79f1ba0-33ab-4783-a06a-285e1d3d9999,,S,General File,parent deliverable not loaded
1acf285d-4e03-4003-a461-ec0b64863c5c,6842,950fafc6-7490-471e-a256-01964bb5bdfd,,S,General File,parent deliverable not loaded
241ded58-3ef4-441d-ba3d-9256ed55583f,6843,950fafc6-7490-471e-a256-01964bb5bdfd,,S,General File,parent deliverable not loaded
af8cb919-b6f7-4be2-b021-6d56633d4fc1,6844,950fafc6-7490-471e-a256-01964bb5bdfd,,S,General File,parent deliverable not loaded
ebb46cd3-8525-4324-af2d-f205979cb446,6845,950fafc6-7490-471e-a256-01964bb5bdfd,,S,General File,parent deliverable not loaded
594e686f-9a8c-485e-b8f3-b74c59e7ae1e,6846,950fafc6-7490-471e-a256-01964bb5bdfd,,S,General File,parent deliverable not loaded
98d750f3-e667-4c3a-93d1-3fd83a00a495,6888,0ef34e66-30ca-44a3-8862-82bb5dc4f157,,S,General File,parent deliverable not loaded; no application row for the resolved application_id
8da4fec6-8511-47c4-84b0-d5a388d20c1d,7091,10befdcc-a179-4591-af50-ce874fab0784,,S,General File,parent deliverable not loaded; no application row for the resolved application_id
31c1b399-6f89-4ff2-9559-c212d1b19a35,8470,77a0dc5e-9fc1-4a32-9a33-ce72649fcc7a,,S,General File,parent deliverable not loaded
bbe078a6-b395-409b-86a6-e26eec0c3726,8471,77a0dc5e-9fc1-4a32-9a33-ce72649fcc7a,7,S,Monitoring Protocol,parent deliverable not loaded
7565b867-f41f-45c2-a6b0-7701a91147be,8853,29a56ea3-6f0b-45cb-8245-ff61ea88a0f3,,S,General File,parent deliverable not loaded
f5ae0b0f-ab2c-4106-9485-854fed07345f,8934,604ae3c8-e857-4d67-9af0-64605f489aa5,,S,General File,parent deliverable not loaded
1173d2a8-3dd7-4fd6-9e0d-0efb321298eb,8935,604ae3c8-e857-4d67-9af0-64605f489aa5,,S,General File,parent deliverable not loaded
78bd870e-f7bd-4bbb-a0a9-058ba761a47d,8937,604ae3c8-e857-4d67-9af0-64605f489aa5,,S,General File,parent deliverable not loaded
521a9228-b8ca-4d3b-bc8e-20f2adc996b4,8938,604ae3c8-e857-4d67-9af0-64605f489aa5,,S,General File,parent deliverable not loaded
b3b83690-b278-489c-885c-1184aa919576,9224,4f4b5afd-97c6-4ede-8251-9f45807dc7cc,,S,General File,parent deliverable not loaded
e81df699-954c-470b-b235-604e2047536a,9225,738f21ba-c101-41d5-af42-9e84fd87e7ea,,S,General File,parent deliverable not loaded
eee4cc88-d813-461b-964f-cb616380a508,9226,bd0ac63e-11bd-4adb-959f-3db9394f4cf1,,S,General File,parent deliverable not loaded
2eae8197-1cd7-41f1-8ef2-e8376c14856d,9441,86e72d97-10e0-4c47-b5c4-05c4d180988a,,S,General File,parent deliverable not loaded
9cbbb47a-6a67-4db4-81a9-350330869446,9798,a0785c74-1cb6-4eab-b9fe-d56aba077d17,,S,General File,parent deliverable not loaded
2e3befe4-22fb-4254-a299-977e7523c70a,9799,a0785c74-1cb6-4eab-b9fe-d56aba077d17,,S,General File,parent deliverable not loaded
d409e3d6-9c5f-4278-b845-27ff583247b7,9866,a500691a-46e1-4b54-8499-378c109c7319,,S,General File,parent deliverable not loaded
f997b733-d7b9-45f3-9337-2297f739b009,9867,ea5b5d3e-1b0c-4b71-8942-3ad63145f0a6,,S,General File,parent deliverable not loaded
9c7c3095-8a8e-43f6-826c-b733f04c1478,9942,a500691a-46e1-4b54-8499-378c109c7319,,S,General File,parent deliverable not loaded
d3409a27-6df5-4d71-8e1a-54a49b5b4a28,9943,a2804954-9628-4dbd-8cf6-63c1ac1937bd,,S,General File,parent deliverable not loaded
b7c6a772-d92f-4240-aedc-f0ee5ab38330,10216,d0abc8fd-8c24-4f91-aad2-d159ee3a723a,,S,General File,parent deliverable not loaded
ee060383-9782-414e-bc5e-c37336aab8f4,10350,9a6dae54-c6e7-488a-8b19-4eab3bbd0b84,,S,General File,parent deliverable not loaded
d9e2458a-4101-4191-9285-1357c403e7a1,10362,ea5b5d3e-1b0c-4b71-8942-3ad63145f0a6,,S,General File,parent deliverable not loaded
349cd66b-7173-4c6c-ac1a-d20554d5e1c2,10875,4e904ec7-7f1b-44de-b59a-70fd9d2899aa,,S,General File,parent deliverable not loaded
185bd3d3-3eaf-4715-b48b-4fc37fa2b1f4,11778,d75c34e5-7a0d-4ff8-b49a-e33a05b4328b,,S,General File,parent deliverable not loaded
bc92f0e6-4307-4533-bba9-0927f51461a6,11779,d75c34e5-7a0d-4ff8-b49a-e33a05b4328b,,S,General File,parent deliverable not loaded
f521d843-b49c-416f-b626-6d2b0a3ab972,12617,198d5873-49d0-4121-9263-335e80e9c427,,S,General File,parent deliverable not loaded
9822aa16-7df6-4b16-b1b4-54cba446a2d2,13169,1d4c071d-fc29-4a4b-98f1-d4203f077de6,,C,General File,parent deliverable not loaded
7d3d6a2b-470c-40cc-943c-5c1dc03779ba,13192,1d4c071d-fc29-4a4b-98f1-d4203f077de6,,S,General File,parent deliverable not loaded
90fb9541-f14d-42b9-8704-625756cecfb2,13273,aad92fbb-2ef9-44fc-88f4-0822ea0b8624,,C,General File,parent deliverable not loaded
0b88251c-b469-4755-865f-7eb3d913ea7d,13571,ae2a4173-ee7b-4551-ac6c-14036ee91050,,S,General File,parent deliverable not loaded
2d263cbd-8f5a-47bd-8bcc-c6123bf56631,13572,3b2c4049-f384-4a04-a580-a8f60d8e7c22,,S,General File,parent deliverable not loaded
17d59c55-1511-417a-bb75-3e9dd27cdf49,13574,3b2c4049-f384-4a04-a580-a8f60d8e7c22,,S,General File,parent deliverable not loaded
dcb58c7d-275f-431e-b404-87d6b257dda1,13605,d8920876-1c09-48ad-8024-0d9332c058b0,,S,General File,parent deliverable not loaded
9c1ce057-6a55-4a35-853b-27df177dc79b,13606,9346e59d-2ecd-4d69-836f-e239f9bd551a,,S,General File,parent deliverable not loaded
32f137c9-6d36-4438-a66f-002ee4233ad2,13694,d6b60228-34e2-4097-b003-e781903b2ea8,,S,General File,parent deliverable not loaded
c2d9ed8f-f111-451b-8d1b-b2f2fdc9cc50,13879,ffb1ed80-a1c3-4a55-9e8e-f17882fe85cc,,S,General File,parent deliverable not loaded
09a6683a-1f41-4204-a437-09226d953d39,14065,3cc6c38f-305c-49f3-bd52-c55bd059d22a,,S,General File,parent deliverable not loaded
94baa2d7-2fa7-42b1-a119-cf44260609a8,14066,3cc6c38f-305c-49f3-bd52-c55bd059d22a,,S,General File,parent deliverable not loaded
3230d72e-a789-4ee4-94d7-99a0730472d6,14135,726e9209-39d9-4c88-a350-33dc37032c25,,S,General File,parent deliverable not loaded
f4a88a29-9bf3-4b0b-8b62-156af1814346,14136,726e9209-39d9-4c88-a350-33dc37032c25,,S,General File,parent deliverable not loaded
7927d47f-120f-478b-8691-f76683744dd1,14137,726e9209-39d9-4c88-a350-33dc37032c25,,S,General File,parent deliverable not loaded
b2684c5b-f781-47ae-ba66-d52e3b00490a,14251,e10464e5-f5b8-41be-a253-ffce4c3ac30c,,S,General File,uploader did not migrate (no users row)
7f6a2f39-2199-480b-bee4-1f45b7ea3cde,14590,9c5b0bd8-c8df-4855-b978-cef5e88ec12a,,S,General File,uploader did not migrate (no users row)
f82116b7-aac0-4ddb-b3ad-23b685bb3166,14591,9c5b0bd8-c8df-4855-b978-cef5e88ec12a,,S,General File,uploader did not migrate (no users row)
646923e9-4506-4b4b-90d0-f76caee5eb7f,14592,9c5b0bd8-c8df-4855-b978-cef5e88ec12a,,S,General File,uploader did not migrate (no users row)
dec4f2cb-b803-4d1f-958e-e6ae364f8163,14593,9c5b0bd8-c8df-4855-b978-cef5e88ec12a,,S,General File,uploader did not migrate (no users row)
ff4581dc-6d4e-4001-9b51-c298d4c5f5df,14594,9c5b0bd8-c8df-4855-b978-cef5e88ec12a,,S,General File,uploader did not migrate (no users row)
e7e0a3ae-1dc2-4b0f-980d-70d7e02ee183,14595,9c5b0bd8-c8df-4855-b978-cef5e88ec12a,,S,General File,uploader did not migrate (no users row)
3f6f84c7-e4e9-4d67-b56f-e09ace74a7ce,14596,9c5b0bd8-c8df-4855-b978-cef5e88ec12a,,S,General File,uploader did not migrate (no users row)
34ea28ec-c53d-412d-90bf-36e3d2e9601c,14597,9c5b0bd8-c8df-4855-b978-cef5e88ec12a,,S,General File,uploader did not migrate (no users row)
