legacy_id,legacy_pendg_demo_id,demonstration_id,othr_name,reason
2,20,0181f074-ee92-420b-822d-aedfadcd4c7d,Foster care children,free-text name is not a seeded demonstration-type tag (1115 name held per SME)
4,20,0181f074-ee92-420b-822d-aedfadcd4c7d,Targeted Investment payments,free-text name is not a seeded demonstration-type tag (1115 name held per SME)
5,21,0181f074-ee92-420b-822d-aedfadcd4c7d,Managed Care program,free-text name is not a seeded demonstration-type tag (1115 name held per SME)
6,21,0181f074-ee92-420b-822d-aedfadcd4c7d,Foster care children,free-text name is not a seeded demonstration-type tag (1115 name held per SME)
7,21,0181f074-ee92-420b-822d-aedfadcd4c7d,Other,free-text name is not a seeded demonstration-type tag (1115 name held per SME)
8,21,0181f074-ee92-420b-822d-aedfadcd4c7d,Targeted Investment payments,free-text name is not a seeded demonstration-type tag (1115 name held per SME)
9,22,674aac2b-0390-4171-8c9d-4c1c3c03a8e6,N/A,free-text name is not a seeded demonstration-type tag (1115 name held per SME)
12,22,674aac2b-0390-4171-8c9d-4c1c3c03a8e6,Other,free-text name is not a seeded demonstration-type tag (1115 name held per SME)
16,23,674aac2b-0390-4171-8c9d-4c1c3c03a8e6,Other,free-text name is not a seeded demonstration-type tag (1115 name held per SME)
19,24,674aac2b-0390-4171-8c9d-4c1c3c03a8e6,N/A,free-text name is not a seeded demonstration-type tag (1115 name held per SME)
22,24,674aac2b-0390-4171-8c9d-4c1c3c03a8e6,Other,free-text name is not a seeded demonstration-type tag (1115 name held per SME)
24,31,68da4d77-9660-454c-8715-1dbf75bbc63a,UC Pool,free-text name is not a seeded demonstration-type tag (1115 name held per SME)
25,31,68da4d77-9660-454c-8715-1dbf75bbc63a,Employment Support Pilot,free-text name is not a seeded demonstration-type tag (1115 name held per SME)
27,32,68da4d77-9660-454c-8715-1dbf75bbc63a,UC Pool,free-text name is not a seeded demonstration-type tag (1115 name held per SME)
28,32,68da4d77-9660-454c-8715-1dbf75bbc63a,Employment Support Pilot,free-text name is not a seeded demonstration-type tag (1115 name held per SME)
30,33,dcdd103d-91da-441d-bd81-3aebf0b31e37,Retroactive Eligibility Waiver,free-text name is not a seeded demonstration-type tag (1115 name held per SME)
31,33,dcdd103d-91da-441d-bd81-3aebf0b31e37,Change in Circumstance Non-Eligibility Period,free-text name is not a seeded demonstration-type tag (1115 name held per SME)
32,33,dcdd103d-91da-441d-bd81-3aebf0b31e37,Redetermination Non-Eligibility Period,free-text name is not a seeded demonstration-type tag (1115 name held per SME)
33,34,51573012-04dc-491f-b41a-0bb4b24efec9,ACO,free-text name is not a seeded demonstration-type tag (1115 name held per SME)
34,35,51573012-04dc-491f-b41a-0bb4b24efec9,ACO,free-text name is not a seeded demonstration-type tag (1115 name held per SME)
35,36,51573012-04dc-491f-b41a-0bb4b24efec9,ACO,free-text name is not a seeded demonstration-type tag (1115 name held per SME)
36,42,ec46307f-ec7b-4e65-a15e-bb1c3d360114,Centennial Care,free-text name is not a seeded demonstration-type tag (1115 name held per SME)
37,43,ec46307f-ec7b-4e65-a15e-bb1c3d360114,Centennial Care,free-text name is not a seeded demonstration-type tag (1115 name held per SME)
38,44,dac3f05e-1815-4d03-8066-5aa5c1c7ff4a,Health and Recovery Plan,free-text name is not a seeded demonstration-type tag (1115 name held per SME)
39,44,dac3f05e-1815-4d03-8066-5aa5c1c7ff4a,Mainstream Medicaid Managed Care Porgram (MMMC),free-text name is not a seeded demonstration-type tag (1115 name held per SME)
40,45,dac3f05e-1815-4d03-8066-5aa5c1c7ff4a,Health and Recovery Plan,free-text name is not a seeded demonstration-type tag (1115 name held per SME)
41,45,dac3f05e-1815-4d03-8066-5aa5c1c7ff4a,Mainstream Medicaid Managed Care Porgram (MMMC),free-text name is not a seeded demonstration-type tag (1115 name held per SME)
42,46,dac3f05e-1815-4d03-8066-5aa5c1c7ff4a,Health and Recovery Plan,free-text name is not a seeded demonstration-type tag (1115 name held per SME)
43,46,dac3f05e-1815-4d03-8066-5aa5c1c7ff4a,Mainstream Medicaid Managed Care Porgram (MMMC),free-text name is not a seeded demonstration-type tag (1115 name held per SME)
44,47,0b11ca84-a492-41e1-9fb1-7c988da310ba,SoonerCare,free-text name is not a seeded demonstration-type tag (1115 name held per SME)
45,48,0b11ca84-a492-41e1-9fb1-7c988da310ba,SoonerCare,free-text name is not a seeded demonstration-type tag (1115 name held per SME)
46,49,,SoonerCare,free-text name is not a seeded demonstration-type tag (1115 name held per SME); parent demonstration not migrated (held-back / no-project pending demo)
47,50,13fbcf4d-aaac-4d6f-9c56-1c7de963b003,Hospital Transformation Peformance Program,free-text name is not a seeded demonstration-type tag (1115 name held per SME)
48,50,13fbcf4d-aaac-4d6f-9c56-1c7de963b003,Oregon Health Plan,free-text name is not a seeded demonstration-type tag (1115 name held per SME)
49,51,13fbcf4d-aaac-4d6f-9c56-1c7de963b003,Hospital Transformation Peformance Program,free-text name is not a seeded demonstration-type tag (1115 name held per SME)
50,51,13fbcf4d-aaac-4d6f-9c56-1c7de963b003,Oregon Health Plan,free-text name is not a seeded demonstration-type tag (1115 name held per SME)
51,52,d40d1207-a663-40bd-8036-287fc06ea360,Other,free-text name is not a seeded demonstration-type tag (1115 name held per SME)
52,52,d40d1207-a663-40bd-8036-287fc06ea360,The Managed Care component,free-text name is not a seeded demonstration-type tag (1115 name held per SME)
53,52,d40d1207-a663-40bd-8036-287fc06ea360,The Healthy Smiles Program,free-text name is not a seeded demonstration-type tag (1115 name held per SME)
54,52,d40d1207-a663-40bd-8036-287fc06ea360,Connect Care Choice Community Partners,free-text name is not a seeded demonstration-type tag (1115 name held per SME)
55,54,5c9f465d-0d82-45dc-b417-a9f37d22aeca,Comprehensive demonstration,free-text name is not a seeded demonstration-type tag (1115 name held per SME)
56,55,5c9f465d-0d82-45dc-b417-a9f37d22aeca,Comprehensive demonstration,free-text name is not a seeded demonstration-type tag (1115 name held per SME)
57,56,5c9f465d-0d82-45dc-b417-a9f37d22aeca,Comprehensive demonstration,free-text name is not a seeded demonstration-type tag (1115 name held per SME)
59,58,5c9f465d-0d82-45dc-b417-a9f37d22aeca,Comprehensive demonstration,free-text name is not a seeded demonstration-type tag (1115 name held per SME)
60,59,5c9f465d-0d82-45dc-b417-a9f37d22aeca,Comprehensive demonstration,free-text name is not a seeded demonstration-type tag (1115 name held per SME)
61,60,5c9f465d-0d82-45dc-b417-a9f37d22aeca,Comprehensive demonstration,free-text name is not a seeded demonstration-type tag (1115 name held per SME)
62,62,f723aea0-4ef8-4a60-b98e-0393f346cfbd,"The STAR, STAR Kids, and STAR+PLUS managed care programs - Statewide Managed Care -",free-text name is not a seeded demonstration-type tag (1115 name held per SME)
64,64,e14e3eb8-f350-403c-bee3-21868690dfe4,Primary Care Network,free-text name is not a seeded demonstration-type tag (1115 name held per SME)
65,65,e14e3eb8-f350-403c-bee3-21868690dfe4,Primary Care Network,free-text name is not a seeded demonstration-type tag (1115 name held per SME)
66,66,e14e3eb8-f350-403c-bee3-21868690dfe4,Primary Care Network,free-text name is not a seeded demonstration-type tag (1115 name held per SME)
67,67,e14e3eb8-f350-403c-bee3-21868690dfe4,Primary Care Network,free-text name is not a seeded demonstration-type tag (1115 name held per SME)
68,73,31afe2bf-4951-4d57-99ba-6394eb5711ba,Badger Care,free-text name is not a seeded demonstration-type tag (1115 name held per SME)
69,74,fb67f194-6495-46de-b313-f37e3f77892e,Other,free-text name is not a seeded demonstration-type tag (1115 name held per SME)
70,75,0181f074-ee92-420b-822d-aedfadcd4c7d,Managed Care program,free-text name is not a seeded demonstration-type tag (1115 name held per SME)
71,75,0181f074-ee92-420b-822d-aedfadcd4c7d,Foster care children,free-text name is not a seeded demonstration-type tag (1115 name held per SME)
72,75,0181f074-ee92-420b-822d-aedfadcd4c7d,Other,free-text name is not a seeded demonstration-type tag (1115 name held per SME)
73,75,0181f074-ee92-420b-822d-aedfadcd4c7d,Targeted Investment payments,free-text name is not a seeded demonstration-type tag (1115 name held per SME)
74,76,c7c07fe5-ac27-4296-9440-13916aa30f3a,Increased Community Services Program,free-text name is not a seeded demonstration-type tag (1115 name held per SME)
78,76,c7c07fe5-ac27-4296-9440-13916aa30f3a,Other,free-text name is not a seeded demonstration-type tag (1115 name held per SME)
79,78,f723aea0-4ef8-4a60-b98e-0393f346cfbd,"The STAR, STAR Kids, and STAR+PLUS managed care programs - Statewide Managed Care -",free-text name is not a seeded demonstration-type tag (1115 name held per SME)
80,78,f723aea0-4ef8-4a60-b98e-0393f346cfbd,Other,free-text name is not a seeded demonstration-type tag (1115 name held per SME)
81,79,e14e3eb8-f350-403c-bee3-21868690dfe4,Primary Care Network,free-text name is not a seeded demonstration-type tag (1115 name held per SME)
82,80,8cb9aba6-e34e-451a-81b5-49212188a3a5,Managed care and DSR,free-text name is not a seeded demonstration-type tag (1115 name held per SME)
85,82,674aac2b-0390-4171-8c9d-4c1c3c03a8e6,Other,free-text name is not a seeded demonstration-type tag (1115 name held per SME)
89,84,545f6ac9-8513-46a2-870d-6b0bd5125436,Flint,free-text name is not a seeded demonstration-type tag (1115 name held per SME)
90,85,71e8bdde-35a5-43a0-9ebd-53cd29bb5aed,Minnesota Prepaid Medicaid Assistance Project Plus,free-text name is not a seeded demonstration-type tag (1115 name held per SME)
91,87,dac3f05e-1815-4d03-8066-5aa5c1c7ff4a,Health and Recovery Plan,free-text name is not a seeded demonstration-type tag (1115 name held per SME)
92,87,dac3f05e-1815-4d03-8066-5aa5c1c7ff4a,Mainstream Medicaid Managed Care Porgram (MMMC),free-text name is not a seeded demonstration-type tag (1115 name held per SME)
93,94,68da4d77-9660-454c-8715-1dbf75bbc63a,UC Pool,free-text name is not a seeded demonstration-type tag (1115 name held per SME)
94,94,68da4d77-9660-454c-8715-1dbf75bbc63a,Employment Support Pilot,free-text name is not a seeded demonstration-type tag (1115 name held per SME)
96,94,68da4d77-9660-454c-8715-1dbf75bbc63a,Continuous Elgibility,free-text name is not a seeded demonstration-type tag (1115 name held per SME)
98,100,f935244b-2eac-4613-b7fa-d94d731015c5,Other,free-text name is not a seeded demonstration-type tag (1115 name held per SME)
99,103,f723aea0-4ef8-4a60-b98e-0393f346cfbd,"The STAR, STAR Kids, and STAR+PLUS managed care programs - Statewide Managed Care -",free-text name is not a seeded demonstration-type tag (1115 name held per SME)
100,103,f723aea0-4ef8-4a60-b98e-0393f346cfbd,Other,free-text name is not a seeded demonstration-type tag (1115 name held per SME)
103,106,674aac2b-0390-4171-8c9d-4c1c3c03a8e6,Other,free-text name is not a seeded demonstration-type tag (1115 name held per SME)
106,107,e14e3eb8-f350-403c-bee3-21868690dfe4,Primary Care Network,free-text name is not a seeded demonstration-type tag (1115 name held per SME)
107,108,6121bb37-1f43-4709-be1d-7e2e0e1524e4,QUEST Integration,free-text name is not a seeded demonstration-type tag (1115 name held per SME)
108,111,7359cb4b-7f34-4322-9379-448e4c4a3ebf,Healthier Mississippi,free-text name is not a seeded demonstration-type tag (1115 name held per SME)
109,112,f723aea0-4ef8-4a60-b98e-0393f346cfbd,"The STAR, STAR Kids, and STAR+PLUS managed care programs - Statewide Managed Care -",free-text name is not a seeded demonstration-type tag (1115 name held per SME)
110,112,f723aea0-4ef8-4a60-b98e-0393f346cfbd,Other,free-text name is not a seeded demonstration-type tag (1115 name held per SME)
111,120,dac3f05e-1815-4d03-8066-5aa5c1c7ff4a,Health and Recovery Plan,free-text name is not a seeded demonstration-type tag (1115 name held per SME)
112,120,dac3f05e-1815-4d03-8066-5aa5c1c7ff4a,Mainstream Medicaid Managed Care Porgram (MMMC),free-text name is not a seeded demonstration-type tag (1115 name held per SME)
113,121,d40d1207-a663-40bd-8036-287fc06ea360,Connect Care Choice Community Partners,free-text name is not a seeded demonstration-type tag (1115 name held per SME)
114,121,d40d1207-a663-40bd-8036-287fc06ea360,Other,free-text name is not a seeded demonstration-type tag (1115 name held per SME)
115,121,d40d1207-a663-40bd-8036-287fc06ea360,The Healthy Smiles Program,free-text name is not a seeded demonstration-type tag (1115 name held per SME)
116,121,d40d1207-a663-40bd-8036-287fc06ea360,The Managed Care component,free-text name is not a seeded demonstration-type tag (1115 name held per SME)
117,123,e14e3eb8-f350-403c-bee3-21868690dfe4,Primary Care Network,free-text name is not a seeded demonstration-type tag (1115 name held per SME)
118,86,9784d73b-3a5d-4f65-9749-34cc7058c050,Premiums,free-text name is not a seeded demonstration-type tag (1115 name held per SME)
121,126,674aac2b-0390-4171-8c9d-4c1c3c03a8e6,Other,free-text name is not a seeded demonstration-type tag (1115 name held per SME)
124,128,5c9f465d-0d82-45dc-b417-a9f37d22aeca,Comprehensive demonstration,free-text name is not a seeded demonstration-type tag (1115 name held per SME)
125,129,7247c6cc-a4f8-422b-a0d4-eb7023de52c4,Other - Behavioral Health,free-text name is not a seeded demonstration-type tag (1115 name held per SME)
126,130,7247c6cc-a4f8-422b-a0d4-eb7023de52c4,Other - Behavioral Health,free-text name is not a seeded demonstration-type tag (1115 name held per SME)
127,134,51573012-04dc-491f-b41a-0bb4b24efec9,ACO,free-text name is not a seeded demonstration-type tag (1115 name held per SME)
128,135,5c9f465d-0d82-45dc-b417-a9f37d22aeca,Comprehensive demonstration,free-text name is not a seeded demonstration-type tag (1115 name held per SME)
129,138,e14e3eb8-f350-403c-bee3-21868690dfe4,Primary Care Network,free-text name is not a seeded demonstration-type tag (1115 name held per SME)
130,139,,Primary Care Network,free-text name is not a seeded demonstration-type tag (1115 name held per SME); parent demonstration not migrated (held-back / no-project pending demo)
131,140,d74e616c-e6db-4410-9ce1-eadd02eca4e5,Community Integration Services,free-text name is not a seeded demonstration-type tag (1115 name held per SME)
132,142,545f6ac9-8513-46a2-870d-6b0bd5125436,Flint,free-text name is not a seeded demonstration-type tag (1115 name held per SME)
147,155,674aac2b-0390-4171-8c9d-4c1c3c03a8e6,Other,free-text name is not a seeded demonstration-type tag (1115 name held per SME)
151,156,674aac2b-0390-4171-8c9d-4c1c3c03a8e6,N/A,free-text name is not a seeded demonstration-type tag (1115 name held per SME)
154,156,674aac2b-0390-4171-8c9d-4c1c3c03a8e6,Other,free-text name is not a seeded demonstration-type tag (1115 name held per SME)
155,158,,Hospital Transformation Peformance Program,free-text name is not a seeded demonstration-type tag (1115 name held per SME); parent demonstration not migrated (held-back / no-project pending demo)
156,158,,Oregon Health Plan,free-text name is not a seeded demonstration-type tag (1115 name held per SME); parent demonstration not migrated (held-back / no-project pending demo)
157,161,ec46307f-ec7b-4e65-a15e-bb1c3d360114,Centennial Care,free-text name is not a seeded demonstration-type tag (1115 name held per SME)
158,154,674aac2b-0390-4171-8c9d-4c1c3c03a8e6,GPP,free-text name is not a seeded demonstration-type tag (1115 name held per SME)
159,171,5c9f465d-0d82-45dc-b417-a9f37d22aeca,Comprehensive demonstration,free-text name is not a seeded demonstration-type tag (1115 name held per SME)
160,172,83c3e37c-2043-4d84-ba05-c305d78b230b,ADL Needs Program,free-text name is not a seeded demonstration-type tag (1115 name held per SME)
161,175,f723aea0-4ef8-4a60-b98e-0393f346cfbd,"The STAR, STAR Kids, and STAR+PLUS managed care programs - Statewide Managed Care -",free-text name is not a seeded demonstration-type tag (1115 name held per SME)
162,175,f723aea0-4ef8-4a60-b98e-0393f346cfbd,Other,free-text name is not a seeded demonstration-type tag (1115 name held per SME)
163,177,68da4d77-9660-454c-8715-1dbf75bbc63a,UC Pool,free-text name is not a seeded demonstration-type tag (1115 name held per SME)
164,177,68da4d77-9660-454c-8715-1dbf75bbc63a,Employment Support Pilot,free-text name is not a seeded demonstration-type tag (1115 name held per SME)
166,192,f935244b-2eac-4613-b7fa-d94d731015c5,Other,free-text name is not a seeded demonstration-type tag (1115 name held per SME)
167,194,72ba07e4-1073-4c30-976b-4c6d836a7afa,Other,free-text name is not a seeded demonstration-type tag (1115 name held per SME)
168,195,674aac2b-0390-4171-8c9d-4c1c3c03a8e6,GPP,free-text name is not a seeded demonstration-type tag (1115 name held per SME)
170,197,7247c6cc-a4f8-422b-a0d4-eb7023de52c4,Other - Behavioral Health,free-text name is not a seeded demonstration-type tag (1115 name held per SME)
171,206,dac3f05e-1815-4d03-8066-5aa5c1c7ff4a,Health and Recovery Plan,free-text name is not a seeded demonstration-type tag (1115 name held per SME)
172,206,dac3f05e-1815-4d03-8066-5aa5c1c7ff4a,Mainstream Medicaid Managed Care Porgram (MMMC),free-text name is not a seeded demonstration-type tag (1115 name held per SME)
173,207,dac3f05e-1815-4d03-8066-5aa5c1c7ff4a,Health and Recovery Plan,free-text name is not a seeded demonstration-type tag (1115 name held per SME)
174,207,dac3f05e-1815-4d03-8066-5aa5c1c7ff4a,Mainstream Medicaid Managed Care Porgram (MMMC),free-text name is not a seeded demonstration-type tag (1115 name held per SME)
175,213,f723aea0-4ef8-4a60-b98e-0393f346cfbd,"The STAR, STAR Kids, and STAR+PLUS managed care programs - Statewide Managed Care -",free-text name is not a seeded demonstration-type tag (1115 name held per SME)
176,213,f723aea0-4ef8-4a60-b98e-0393f346cfbd,Other,free-text name is not a seeded demonstration-type tag (1115 name held per SME)
177,215,,Anthony,free-text name is not a seeded demonstration-type tag (1115 name held per SME); parent demonstration not migrated (held-back / no-project pending demo)
178,215,,Anthony,free-text name is not a seeded demonstration-type tag (1115 name held per SME); parent demonstration not migrated (held-back / no-project pending demo)
181,234,674aac2b-0390-4171-8c9d-4c1c3c03a8e6,GPP,free-text name is not a seeded demonstration-type tag (1115 name held per SME)
183,239,51573012-04dc-491f-b41a-0bb4b24efec9,ACO,free-text name is not a seeded demonstration-type tag (1115 name held per SME)
184,240,5c9f465d-0d82-45dc-b417-a9f37d22aeca,Comprehensive demonstration,free-text name is not a seeded demonstration-type tag (1115 name held per SME)
185,241,5c9f465d-0d82-45dc-b417-a9f37d22aeca,Comprehensive demonstration,free-text name is not a seeded demonstration-type tag (1115 name held per SME)
186,242,8cb9aba6-e34e-451a-81b5-49212188a3a5,Managed care and DSR,free-text name is not a seeded demonstration-type tag (1115 name held per SME)
187,244,d74e616c-e6db-4410-9ce1-eadd02eca4e5,Community Integration Services,free-text name is not a seeded demonstration-type tag (1115 name held per SME)
192,252,7247c6cc-a4f8-422b-a0d4-eb7023de52c4,Other - Behavioral Health,free-text name is not a seeded demonstration-type tag (1115 name held per SME)
193,254,d40d1207-a663-40bd-8036-287fc06ea360,Connect Care Choice Community Partners,free-text name is not a seeded demonstration-type tag (1115 name held per SME)
194,254,d40d1207-a663-40bd-8036-287fc06ea360,Other,free-text name is not a seeded demonstration-type tag (1115 name held per SME)
195,254,d40d1207-a663-40bd-8036-287fc06ea360,The Healthy Smiles Program,free-text name is not a seeded demonstration-type tag (1115 name held per SME)
196,254,d40d1207-a663-40bd-8036-287fc06ea360,The Managed Care component,free-text name is not a seeded demonstration-type tag (1115 name held per SME)
197,255,68da4d77-9660-454c-8715-1dbf75bbc63a,Continuous Elgibility,free-text name is not a seeded demonstration-type tag (1115 name held per SME)
201,256,7247c6cc-a4f8-422b-a0d4-eb7023de52c4,Other - Behavioral Health,free-text name is not a seeded demonstration-type tag (1115 name held per SME)
202,260,8cb9aba6-e34e-451a-81b5-49212188a3a5,Managed care and DSR,free-text name is not a seeded demonstration-type tag (1115 name held per SME)
203,261,0b11ca84-a492-41e1-9fb1-7c988da310ba,SoonerCare,free-text name is not a seeded demonstration-type tag (1115 name held per SME)
204,262,dac3f05e-1815-4d03-8066-5aa5c1c7ff4a,Health and Recovery Plan,free-text name is not a seeded demonstration-type tag (1115 name held per SME)
205,262,dac3f05e-1815-4d03-8066-5aa5c1c7ff4a,Mainstream Medicaid Managed Care Porgram (MMMC),free-text name is not a seeded demonstration-type tag (1115 name held per SME)
206,263,e14e3eb8-f350-403c-bee3-21868690dfe4,Primary Care Network,free-text name is not a seeded demonstration-type tag (1115 name held per SME)
207,264,e14e3eb8-f350-403c-bee3-21868690dfe4,Primary Care Network,free-text name is not a seeded demonstration-type tag (1115 name held per SME)
209,274,dcdd103d-91da-441d-bd81-3aebf0b31e37,Change in Circumstance Non-Eligibility Period,free-text name is not a seeded demonstration-type tag (1115 name held per SME)
210,274,dcdd103d-91da-441d-bd81-3aebf0b31e37,Redetermination Non-Eligibility Period,free-text name is not a seeded demonstration-type tag (1115 name held per SME)
211,72,a4c7e4c0-c0d3-4f12-8b13-3d259379ccdc,SDOH,free-text name is not a seeded demonstration-type tag (1115 name held per SME)
213,280,71e8bdde-35a5-43a0-9ebd-53cd29bb5aed,Minnesota Prepaid Medicaid Assistance Project Plus,free-text name is not a seeded demonstration-type tag (1115 name held per SME)
214,284,31afe2bf-4951-4d57-99ba-6394eb5711ba,Badger Care,free-text name is not a seeded demonstration-type tag (1115 name held per SME)
216,285,0181f074-ee92-420b-822d-aedfadcd4c7d,Foster care children,free-text name is not a seeded demonstration-type tag (1115 name held per SME)
218,285,0181f074-ee92-420b-822d-aedfadcd4c7d,Targeted Investment payments,free-text name is not a seeded demonstration-type tag (1115 name held per SME)
220,286,0181f074-ee92-420b-822d-aedfadcd4c7d,Foster care children,free-text name is not a seeded demonstration-type tag (1115 name held per SME)
222,286,0181f074-ee92-420b-822d-aedfadcd4c7d,Targeted Investment payments,free-text name is not a seeded demonstration-type tag (1115 name held per SME)
224,287,0181f074-ee92-420b-822d-aedfadcd4c7d,Foster care children,free-text name is not a seeded demonstration-type tag (1115 name held per SME)
226,287,0181f074-ee92-420b-822d-aedfadcd4c7d,Targeted Investment payments,free-text name is not a seeded demonstration-type tag (1115 name held per SME)
227,288,ec46307f-ec7b-4e65-a15e-bb1c3d360114,Centennial Care,free-text name is not a seeded demonstration-type tag (1115 name held per SME)
228,289,e14e3eb8-f350-403c-bee3-21868690dfe4,Primary Care Network,free-text name is not a seeded demonstration-type tag (1115 name held per SME)
230,290,0181f074-ee92-420b-822d-aedfadcd4c7d,Foster care children,free-text name is not a seeded demonstration-type tag (1115 name held per SME)
232,290,0181f074-ee92-420b-822d-aedfadcd4c7d,Targeted Investment payments,free-text name is not a seeded demonstration-type tag (1115 name held per SME)
233,172,83c3e37c-2043-4d84-ba05-c305d78b230b,AC Program,free-text name is not a seeded demonstration-type tag (1115 name held per SME)
234,234,674aac2b-0390-4171-8c9d-4c1c3c03a8e6,Asset Limit,free-text name is not a seeded demonstration-type tag (1115 name held per SME)
236,293,0b11ca84-a492-41e1-9fb1-7c988da310ba,SoonerCare,free-text name is not a seeded demonstration-type tag (1115 name held per SME)
237,294,0b11ca84-a492-41e1-9fb1-7c988da310ba,SoonerCare,free-text name is not a seeded demonstration-type tag (1115 name held per SME)
239,296,0181f074-ee92-420b-822d-aedfadcd4c7d,Managed Care program,free-text name is not a seeded demonstration-type tag (1115 name held per SME)
240,296,0181f074-ee92-420b-822d-aedfadcd4c7d,Foster care children,free-text name is not a seeded demonstration-type tag (1115 name held per SME)
241,296,0181f074-ee92-420b-822d-aedfadcd4c7d,Other,free-text name is not a seeded demonstration-type tag (1115 name held per SME)
242,296,0181f074-ee92-420b-822d-aedfadcd4c7d,Targeted Investment payments,free-text name is not a seeded demonstration-type tag (1115 name held per SME)
247,300,71e8bdde-35a5-43a0-9ebd-53cd29bb5aed,Minnesota Prepaid Medicaid Assistance Project Plus,free-text name is not a seeded demonstration-type tag (1115 name held per SME)
248,304,674aac2b-0390-4171-8c9d-4c1c3c03a8e6,GPP,free-text name is not a seeded demonstration-type tag (1115 name held per SME)
249,311,83c3e37c-2043-4d84-ba05-c305d78b230b,Reform 2020,free-text name is not a seeded demonstration-type tag (1115 name held per SME)
250,326,e14e3eb8-f350-403c-bee3-21868690dfe4,Primary Care Network,free-text name is not a seeded demonstration-type tag (1115 name held per SME)
251,329,ec46307f-ec7b-4e65-a15e-bb1c3d360114,Centennial Care,free-text name is not a seeded demonstration-type tag (1115 name held per SME)
252,330,bb46787a-42bc-417f-a7b8-cdef0fda771f,CO ROP Extension COVID-19 PHE Demonstration Amendment,free-text name is not a seeded demonstration-type tag (1115 name held per SME)
253,214,a4c7e4c0-c0d3-4f12-8b13-3d259379ccdc,Presumptive Eligibility for HCBS,free-text name is not a seeded demonstration-type tag (1115 name held per SME)
255,339,d40d1207-a663-40bd-8036-287fc06ea360,Other,free-text name is not a seeded demonstration-type tag (1115 name held per SME)
256,339,d40d1207-a663-40bd-8036-287fc06ea360,The Managed Care component,free-text name is not a seeded demonstration-type tag (1115 name held per SME)
257,339,d40d1207-a663-40bd-8036-287fc06ea360,The Healthy Smiles Program,free-text name is not a seeded demonstration-type tag (1115 name held per SME)
258,339,d40d1207-a663-40bd-8036-287fc06ea360,Connect Care Choice Community Partners,free-text name is not a seeded demonstration-type tag (1115 name held per SME)
259,349,7d0bd82d-b71e-48a5-885c-0e6efbccb57b,Alaska COVID-19 PCS Amendment,free-text name is not a seeded demonstration-type tag (1115 name held per SME)
260,351,57dcc55a-d3a8-4c09-837a-ac7e5b9e95be,COVID-19 Amendment PCS,free-text name is not a seeded demonstration-type tag (1115 name held per SME); parent demonstration not migrated (held-back / no-project pending demo)
262,353,0181f074-ee92-420b-822d-aedfadcd4c7d,Targeted Investment payments,free-text name is not a seeded demonstration-type tag (1115 name held per SME)
263,353,0181f074-ee92-420b-822d-aedfadcd4c7d,Foster care children,free-text name is not a seeded demonstration-type tag (1115 name held per SME)
265,354,0ab78f46-a975-4e59-9dd7-1a1f82a3e3ca,ROP,free-text name is not a seeded demonstration-type tag (1115 name held per SME); parent demonstration not migrated (held-back / no-project pending demo)
267,360,674aac2b-0390-4171-8c9d-4c1c3c03a8e6,GPP,free-text name is not a seeded demonstration-type tag (1115 name held per SME)
268,360,674aac2b-0390-4171-8c9d-4c1c3c03a8e6,Asset Limit,free-text name is not a seeded demonstration-type tag (1115 name held per SME)
269,361,51573012-04dc-491f-b41a-0bb4b24efec9,ACO,free-text name is not a seeded demonstration-type tag (1115 name held per SME)
270,362,d40d1207-a663-40bd-8036-287fc06ea360,Other,free-text name is not a seeded demonstration-type tag (1115 name held per SME)
271,362,d40d1207-a663-40bd-8036-287fc06ea360,The Managed Care component,free-text name is not a seeded demonstration-type tag (1115 name held per SME)
272,362,d40d1207-a663-40bd-8036-287fc06ea360,The Healthy Smiles Program,free-text name is not a seeded demonstration-type tag (1115 name held per SME)
273,362,d40d1207-a663-40bd-8036-287fc06ea360,Connect Care Choice Community Partners,free-text name is not a seeded demonstration-type tag (1115 name held per SME)
278,364,f935244b-2eac-4613-b7fa-d94d731015c5,Other,free-text name is not a seeded demonstration-type tag (1115 name held per SME)
279,365,e14e3eb8-f350-403c-bee3-21868690dfe4,Primary Care Network,free-text name is not a seeded demonstration-type tag (1115 name held per SME)
280,366,,Primary Care Network,free-text name is not a seeded demonstration-type tag (1115 name held per SME); parent demonstration not migrated (held-back / no-project pending demo)
281,367,e14e3eb8-f350-403c-bee3-21868690dfe4,Primary Care Network,free-text name is not a seeded demonstration-type tag (1115 name held per SME)
282,371,51573012-04dc-491f-b41a-0bb4b24efec9,ACO,free-text name is not a seeded demonstration-type tag (1115 name held per SME)
283,372,5c9f465d-0d82-45dc-b417-a9f37d22aeca,Comprehensive demonstration,free-text name is not a seeded demonstration-type tag (1115 name held per SME)
284,376,,Retroactive Eligibility Waiver,free-text name is not a seeded demonstration-type tag (1115 name held per SME); parent demonstration not migrated (held-back / no-project pending demo)
285,376,,Change in Circumstance Non-Eligibility Period,free-text name is not a seeded demonstration-type tag (1115 name held per SME); parent demonstration not migrated (held-back / no-project pending demo)
286,376,,Redetermination Non-Eligibility Period,free-text name is not a seeded demonstration-type tag (1115 name held per SME); parent demonstration not migrated (held-back / no-project pending demo)
317,179,,4584,free-text name is not a seeded demonstration-type tag (1115 name held per SME); parent demonstration not migrated (held-back / no-project pending demo)
323,215,,Anthony,free-text name is not a seeded demonstration-type tag (1115 name held per SME); parent demonstration not migrated (held-back / no-project pending demo)
328,215,,anthony,free-text name is not a seeded demonstration-type tag (1115 name held per SME); parent demonstration not migrated (held-back / no-project pending demo)
333,215,,Anthony,free-text name is not a seeded demonstration-type tag (1115 name held per SME); parent demonstration not migrated (held-back / no-project pending demo)
338,229,,test,free-text name is not a seeded demonstration-type tag (1115 name held per SME); parent demonstration not migrated (held-back / no-project pending demo)
343,230,,test,free-text name is not a seeded demonstration-type tag (1115 name held per SME); parent demonstration not migrated (held-back / no-project pending demo)
379,234,674aac2b-0390-4171-8c9d-4c1c3c03a8e6,Dual Eligibles,free-text name is not a seeded demonstration-type tag (1115 name held per SME)
381,319,,test,free-text name is not a seeded demonstration-type tag (1115 name held per SME); parent demonstration not migrated (held-back / no-project pending demo)
389,333,4c6dc7a2-d2cb-43e4-b152-40125666dab8,SUD Benefit - Medicaid State Plan Medicaid Rehabilitation Option Services,free-text name is not a seeded demonstration-type tag (1115 name held per SME)
398,360,674aac2b-0390-4171-8c9d-4c1c3c03a8e6,Dual Eligibles,free-text name is not a seeded demonstration-type tag (1115 name held per SME)
403,255,68da4d77-9660-454c-8715-1dbf75bbc63a,Personal Care Services & Physician Consultation Services for BH Benes,free-text name is not a seeded demonstration-type tag (1115 name held per SME)
421,179,,Risk of/Exposure to Violence,free-text name is not a seeded demonstration-type tag (1115 name held per SME); parent demonstration not migrated (held-back / no-project pending demo)
427,215,,Risk of/Exposure to Violence,free-text name is not a seeded demonstration-type tag (1115 name held per SME); parent demonstration not migrated (held-back / no-project pending demo)
433,215,,Risk of/Exposure to Violence,free-text name is not a seeded demonstration-type tag (1115 name held per SME); parent demonstration not migrated (held-back / no-project pending demo)
439,229,,Risk of/Exposure to Violence,free-text name is not a seeded demonstration-type tag (1115 name held per SME); parent demonstration not migrated (held-back / no-project pending demo)
445,230,,Risk of/Exposure to Violence,free-text name is not a seeded demonstration-type tag (1115 name held per SME); parent demonstration not migrated (held-back / no-project pending demo)
465,179,,4584,free-text name is not a seeded demonstration-type tag (1115 name held per SME); parent demonstration not migrated (held-back / no-project pending demo)
471,215,,anthony,free-text name is not a seeded demonstration-type tag (1115 name held per SME); parent demonstration not migrated (held-back / no-project pending demo)
477,215,,Anthony,free-text name is not a seeded demonstration-type tag (1115 name held per SME); parent demonstration not migrated (held-back / no-project pending demo)
483,229,,Test,free-text name is not a seeded demonstration-type tag (1115 name held per SME); parent demonstration not migrated (held-back / no-project pending demo)
489,230,,Test,free-text name is not a seeded demonstration-type tag (1115 name held per SME); parent demonstration not migrated (held-back / no-project pending demo)
502,54,5c9f465d-0d82-45dc-b417-a9f37d22aeca,DSH,free-text name is not a seeded demonstration-type tag (1115 name held per SME)
503,55,5c9f465d-0d82-45dc-b417-a9f37d22aeca,DSH,free-text name is not a seeded demonstration-type tag (1115 name held per SME)
504,56,5c9f465d-0d82-45dc-b417-a9f37d22aeca,DSH,free-text name is not a seeded demonstration-type tag (1115 name held per SME)
506,58,5c9f465d-0d82-45dc-b417-a9f37d22aeca,DSH,free-text name is not a seeded demonstration-type tag (1115 name held per SME)
507,59,5c9f465d-0d82-45dc-b417-a9f37d22aeca,DSH,free-text name is not a seeded demonstration-type tag (1115 name held per SME)
508,60,5c9f465d-0d82-45dc-b417-a9f37d22aeca,DSH,free-text name is not a seeded demonstration-type tag (1115 name held per SME)
509,128,5c9f465d-0d82-45dc-b417-a9f37d22aeca,DSH,free-text name is not a seeded demonstration-type tag (1115 name held per SME)
510,135,5c9f465d-0d82-45dc-b417-a9f37d22aeca,DSH,free-text name is not a seeded demonstration-type tag (1115 name held per SME)
512,171,5c9f465d-0d82-45dc-b417-a9f37d22aeca,DSH,free-text name is not a seeded demonstration-type tag (1115 name held per SME)
513,215,,DSH,free-text name is not a seeded demonstration-type tag (1115 name held per SME); parent demonstration not migrated (held-back / no-project pending demo)
514,215,,DSH,free-text name is not a seeded demonstration-type tag (1115 name held per SME); parent demonstration not migrated (held-back / no-project pending demo)
517,240,5c9f465d-0d82-45dc-b417-a9f37d22aeca,DSH,free-text name is not a seeded demonstration-type tag (1115 name held per SME)
518,241,5c9f465d-0d82-45dc-b417-a9f37d22aeca,DSH,free-text name is not a seeded demonstration-type tag (1115 name held per SME)
519,372,5c9f465d-0d82-45dc-b417-a9f37d22aeca,DSH,free-text name is not a seeded demonstration-type tag (1115 name held per SME)
520,215,,HAO,free-text name is not a seeded demonstration-type tag (1115 name held per SME); parent demonstration not migrated (held-back / no-project pending demo)
521,215,,HAO,free-text name is not a seeded demonstration-type tag (1115 name held per SME); parent demonstration not migrated (held-back / no-project pending demo)
525,379,,Test,free-text name is not a seeded demonstration-type tag (1115 name held per SME); parent demonstration not migrated (held-back / no-project pending demo)
526,382,,Test,free-text name is not a seeded demonstration-type tag (1115 name held per SME); parent demonstration not migrated (held-back / no-project pending demo)
527,358,e9225e11-2ed6-4c44-b08b-497ff585e349,HIT,free-text name is not a seeded demonstration-type tag (1115 name held per SME)
528,358,e9225e11-2ed6-4c44-b08b-497ff585e349,Workforce,free-text name is not a seeded demonstration-type tag (1115 name held per SME)
529,238,fc8af835-194a-4fdb-a3db-750a7af79998,Lock,free-text name is not a seeded demonstration-type tag (1115 name held per SME)
530,389,c7c07fe5-ac27-4296-9440-13916aa30f3a,Increased Community Services Program,free-text name is not a seeded demonstration-type tag (1115 name held per SME)
531,389,c7c07fe5-ac27-4296-9440-13916aa30f3a,Other,free-text name is not a seeded demonstration-type tag (1115 name held per SME)
532,355,6121bb37-1f43-4709-be1d-7e2e0e1524e4,Other,free-text name is not a seeded demonstration-type tag (1115 name held per SME)
534,71,a4c7e4c0-c0d3-4f12-8b13-3d259379ccdc,Presumptive Eligibility for HCBS,free-text name is not a seeded demonstration-type tag (1115 name held per SME)
536,336,a4c7e4c0-c0d3-4f12-8b13-3d259379ccdc,Presumptive Eligibility for HCBS,free-text name is not a seeded demonstration-type tag (1115 name held per SME)
537,397,71e8bdde-35a5-43a0-9ebd-53cd29bb5aed,Minnesota Prepaid Medicaid Assistance Project Plus,free-text name is not a seeded demonstration-type tag (1115 name held per SME)
538,398,71e8bdde-35a5-43a0-9ebd-53cd29bb5aed,Minnesota Prepaid Medicaid Assistance Project Plus,free-text name is not a seeded demonstration-type tag (1115 name held per SME)
539,401,bb46787a-42bc-417f-a7b8-cdef0fda771f,CO ROP Extension COVID-19 PHE Demonstration Amendment,free-text name is not a seeded demonstration-type tag (1115 name held per SME)
540,402,51573012-04dc-491f-b41a-0bb4b24efec9,ACO,free-text name is not a seeded demonstration-type tag (1115 name held per SME)
541,403,8cb9aba6-e34e-451a-81b5-49212188a3a5,Managed care and DSR,free-text name is not a seeded demonstration-type tag (1115 name held per SME)
542,244,d74e616c-e6db-4410-9ce1-eadd02eca4e5,BHP,free-text name is not a seeded demonstration-type tag (1115 name held per SME)
543,288,ec46307f-ec7b-4e65-a15e-bb1c3d360114,Turquoise Care Demonstration Extension,free-text name is not a seeded demonstration-type tag (1115 name held per SME)
544,414,,Change in Circumstance Non-Eligibility Period,free-text name is not a seeded demonstration-type tag (1115 name held per SME); parent demonstration not migrated (held-back / no-project pending demo)
545,414,,Redetermination Non-Eligibility Period,free-text name is not a seeded demonstration-type tag (1115 name held per SME); parent demonstration not migrated (held-back / no-project pending demo)
546,414,,Retroactive Eligibility Waiver,free-text name is not a seeded demonstration-type tag (1115 name held per SME); parent demonstration not migrated (held-back / no-project pending demo)
548,418,5c9f465d-0d82-45dc-b417-a9f37d22aeca,Comprehensive demonstration,free-text name is not a seeded demonstration-type tag (1115 name held per SME)
549,418,5c9f465d-0d82-45dc-b417-a9f37d22aeca,DSH,free-text name is not a seeded demonstration-type tag (1115 name held per SME)
550,421,ec46307f-ec7b-4e65-a15e-bb1c3d360114,Centennial Care,free-text name is not a seeded demonstration-type tag (1115 name held per SME)
551,421,ec46307f-ec7b-4e65-a15e-bb1c3d360114,Turquoise Care Demonstration Extension,free-text name is not a seeded demonstration-type tag (1115 name held per SME)
552,421,ec46307f-ec7b-4e65-a15e-bb1c3d360114,Traditional Health Care Practices Amendment,free-text name is not a seeded demonstration-type tag (1115 name held per SME)
553,425,d40d1207-a663-40bd-8036-287fc06ea360,Connect Care Choice Community Partners,free-text name is not a seeded demonstration-type tag (1115 name held per SME)
554,425,d40d1207-a663-40bd-8036-287fc06ea360,Other,free-text name is not a seeded demonstration-type tag (1115 name held per SME)
555,425,d40d1207-a663-40bd-8036-287fc06ea360,The Healthy Smiles Program,free-text name is not a seeded demonstration-type tag (1115 name held per SME)
556,425,d40d1207-a663-40bd-8036-287fc06ea360,The Managed Care component,free-text name is not a seeded demonstration-type tag (1115 name held per SME)
557,274,dcdd103d-91da-441d-bd81-3aebf0b31e37,Recovery Residence Support Services,free-text name is not a seeded demonstration-type tag (1115 name held per SME)
558,426,83c3e37c-2043-4d84-ba05-c305d78b230b,Reform 2020,free-text name is not a seeded demonstration-type tag (1115 name held per SME)
559,359,a6c8c1b0-0a39-40ae-b9cc-f00018e3e41a,Incentive Program,free-text name is not a seeded demonstration-type tag (1115 name held per SME)
560,359,a6c8c1b0-0a39-40ae-b9cc-f00018e3e41a,Workforce,free-text name is not a seeded demonstration-type tag (1115 name held per SME)
561,429,0181f074-ee92-420b-822d-aedfadcd4c7d,Foster care children,free-text name is not a seeded demonstration-type tag (1115 name held per SME)
562,429,0181f074-ee92-420b-822d-aedfadcd4c7d,Targeted Investment payments,free-text name is not a seeded demonstration-type tag (1115 name held per SME)
563,430,51573012-04dc-491f-b41a-0bb4b24efec9,ACO,free-text name is not a seeded demonstration-type tag (1115 name held per SME)
564,432,e14e3eb8-f350-403c-bee3-21868690dfe4,Primary Care Network,free-text name is not a seeded demonstration-type tag (1115 name held per SME)
565,433,51573012-04dc-491f-b41a-0bb4b24efec9,ACO,free-text name is not a seeded demonstration-type tag (1115 name held per SME)
566,439,e14e3eb8-f350-403c-bee3-21868690dfe4,Primary Care Network,free-text name is not a seeded demonstration-type tag (1115 name held per SME)
567,442,31afe2bf-4951-4d57-99ba-6394eb5711ba,Badger Care,free-text name is not a seeded demonstration-type tag (1115 name held per SME)
568,443,e14e3eb8-f350-403c-bee3-21868690dfe4,Primary Care Network,free-text name is not a seeded demonstration-type tag (1115 name held per SME)
569,444,71bd7472-26c4-4cd1-a1fd-d23bc11cf9e0,PHE,free-text name is not a seeded demonstration-type tag (1115 name held per SME)
570,430,51573012-04dc-491f-b41a-0bb4b24efec9,Duals,free-text name is not a seeded demonstration-type tag (1115 name held per SME)
571,451,c7c07fe5-ac27-4296-9440-13916aa30f3a,Increased Community Services Program,free-text name is not a seeded demonstration-type tag (1115 name held per SME)
572,451,c7c07fe5-ac27-4296-9440-13916aa30f3a,Other,free-text name is not a seeded demonstration-type tag (1115 name held per SME)
573,453,0181f074-ee92-420b-822d-aedfadcd4c7d,Foster care children,free-text name is not a seeded demonstration-type tag (1115 name held per SME)
574,453,0181f074-ee92-420b-822d-aedfadcd4c7d,Targeted Investment payments,free-text name is not a seeded demonstration-type tag (1115 name held per SME)
575,456,5c9f465d-0d82-45dc-b417-a9f37d22aeca,Comprehensive demonstration,free-text name is not a seeded demonstration-type tag (1115 name held per SME)
576,456,5c9f465d-0d82-45dc-b417-a9f37d22aeca,DSH,free-text name is not a seeded demonstration-type tag (1115 name held per SME)
577,464,bb46787a-42bc-417f-a7b8-cdef0fda771f,CO ROP Extension COVID-19 PHE Demonstration Amendment,free-text name is not a seeded demonstration-type tag (1115 name held per SME)
578,467,8cb9aba6-e34e-451a-81b5-49212188a3a5,Managed care and DSR,free-text name is not a seeded demonstration-type tag (1115 name held per SME)
579,469,c7c07fe5-ac27-4296-9440-13916aa30f3a,Increased Community Services Program,free-text name is not a seeded demonstration-type tag (1115 name held per SME)
580,469,c7c07fe5-ac27-4296-9440-13916aa30f3a,Other,free-text name is not a seeded demonstration-type tag (1115 name held per SME)
581,473,d74e616c-e6db-4410-9ce1-eadd02eca4e5,BHP,free-text name is not a seeded demonstration-type tag (1115 name held per SME)
582,473,d74e616c-e6db-4410-9ce1-eadd02eca4e5,Community Integration Services,free-text name is not a seeded demonstration-type tag (1115 name held per SME)
583,475,b948eef7-7d1c-44a1-bce9-264e1bd1adbd,Housing Supports,free-text name is not a seeded demonstration-type tag (1115 name held per SME)
584,476,b948eef7-7d1c-44a1-bce9-264e1bd1adbd,Housing Supports,free-text name is not a seeded demonstration-type tag (1115 name held per SME)
585,477,c7c07fe5-ac27-4296-9440-13916aa30f3a,Increased Community Services Program,free-text name is not a seeded demonstration-type tag (1115 name held per SME)
586,477,c7c07fe5-ac27-4296-9440-13916aa30f3a,Other,free-text name is not a seeded demonstration-type tag (1115 name held per SME)
587,478,e14e3eb8-f350-403c-bee3-21868690dfe4,Primary Care Network,free-text name is not a seeded demonstration-type tag (1115 name held per SME)
588,479,e14e3eb8-f350-403c-bee3-21868690dfe4,Primary Care Network,free-text name is not a seeded demonstration-type tag (1115 name held per SME)
589,480,e14e3eb8-f350-403c-bee3-21868690dfe4,Primary Care Network,free-text name is not a seeded demonstration-type tag (1115 name held per SME)
590,483,b948eef7-7d1c-44a1-bce9-264e1bd1adbd,Housing Supports,free-text name is not a seeded demonstration-type tag (1115 name held per SME)
591,487,545f6ac9-8513-46a2-870d-6b0bd5125436,Flint,free-text name is not a seeded demonstration-type tag (1115 name held per SME)
