legacy_id,legacy_demo_id,demonstration_id,demonstration_name,othr_name,reason
1,1574,f935244b-2eac-4613-b7fa-d94d731015c5,Montana Waiver for Additional Services and Populations,Other,free-text name is not a seeded demonstration-type tag (1115 name held per SME)
6,1667,fbdc0ed1-78a9-40fb-a4ba-4d055f887373,MEDS-AD (expired),Other,free-text name is not a seeded demonstration-type tag (1115 name held per SME)
8,1718,71e8bdde-35a5-43a0-9ebd-53cd29bb5aed,Minnesota Prepaid Medicaid Assistance Project Plus,Minnesota Prepaid Medicaid Assistance Project Plus,free-text name is not a seeded demonstration-type tag (1115 name held per SME)
9,1786,83c3e37c-2043-4d84-ba05-c305d78b230b,Minnesota Reform,ADL Needs Program,free-text name is not a seeded demonstration-type tag (1115 name held per SME)
10,1818,ec46307f-ec7b-4e65-a15e-bb1c3d360114,Turquoise Care,Centennial Care,free-text name is not a seeded demonstration-type tag (1115 name held per SME)
12,1883,be09c9ac-d9b9-4370-a268-d973ec0d16f5,Missouri Gateway To Better Health,Missouri Gateway to Better Health,free-text name is not a seeded demonstration-type tag (1115 name held per SME)
15,1966,72ba07e4-1073-4c30-976b-4c6d836a7afa,AR-TEFRA-like,Other,free-text name is not a seeded demonstration-type tag (1115 name held per SME)
18,1970,31afe2bf-4951-4d57-99ba-6394eb5711ba,Wisconsin BadgerCare Reform,Badger Care,free-text name is not a seeded demonstration-type tag (1115 name held per SME)
22,1974,b8de55ab-ee94-46c0-af13-e3762df85d10,Pennsylvania's Select Plan for Women,Family Planning Program,free-text name is not a seeded demonstration-type tag (1115 name held per SME)
32,2240,545f6ac9-8513-46a2-870d-6b0bd5125436,Flint Michigan 1115 Demonstration,Flint,free-text name is not a seeded demonstration-type tag (1115 name held per SME)
35,2281,fb67f194-6495-46de-b313-f37e3f77892e,Wisconsin SeniorCare,Other,free-text name is not a seeded demonstration-type tag (1115 name held per SME)
38,1484,47d57b40-32df-4108-b2f4-9371b7251603,Alabama Medicaid Transformation,Alabama Medicaid Transformation,free-text name is not a seeded demonstration-type tag (1115 name held per SME)
39,1840,7247c6cc-a4f8-422b-a0d4-eb7023de52c4,Diamond State Health Plan,Other - Behavioral Health,free-text name is not a seeded demonstration-type tag (1115 name held per SME)
40,1619,0b11ca84-a492-41e1-9fb1-7c988da310ba,SoonerCare,SoonerCare,free-text name is not a seeded demonstration-type tag (1115 name held per SME)
41,1457,51573012-04dc-491f-b41a-0bb4b24efec9,MassHealth,ACO,free-text name is not a seeded demonstration-type tag (1115 name held per SME)
51,1943,c7c07fe5-ac27-4296-9440-13916aa30f3a,HealthChoice,Other,free-text name is not a seeded demonstration-type tag (1115 name held per SME)
52,1967,1ac4f92b-8b39-4081-ab13-f12d29995ba7,Maine HIV\AIDS Program,Maine HIV/AIDS Program,free-text name is not a seeded demonstration-type tag (1115 name held per SME)
59,1642,d40d1207-a663-40bd-8036-287fc06ea360,Rhode Island Global Consumer Choice Demonstration\Rhode Island Comprehensive Demonstration,Other,free-text name is not a seeded demonstration-type tag (1115 name held per SME)
61,1642,d40d1207-a663-40bd-8036-287fc06ea360,Rhode Island Global Consumer Choice Demonstration\Rhode Island Comprehensive Demonstration,The Managed Care component,free-text name is not a seeded demonstration-type tag (1115 name held per SME)
62,1642,d40d1207-a663-40bd-8036-287fc06ea360,Rhode Island Global Consumer Choice Demonstration\Rhode Island Comprehensive Demonstration,The Healthy Smiles Program,free-text name is not a seeded demonstration-type tag (1115 name held per SME)
63,1642,d40d1207-a663-40bd-8036-287fc06ea360,Rhode Island Global Consumer Choice Demonstration\Rhode Island Comprehensive Demonstration,Connect Care Choice Community Partners,free-text name is not a seeded demonstration-type tag (1115 name held per SME)
66,1620,e14e3eb8-f350-403c-bee3-21868690dfe4,Medicaid Reform 1115 Demonstration,Primary Care Network,free-text name is not a seeded demonstration-type tag (1115 name held per SME)
67,1654,8cb9aba6-e34e-451a-81b5-49212188a3a5,Global Commitment to Health,Managed care and DSR,free-text name is not a seeded demonstration-type tag (1115 name held per SME)
68,1542,0fcfc81f-e55a-4374-ba2b-ec37081df6d3,Nevada Comprehensive Care Waiver,Nevada Comprehensive Care Waiver,free-text name is not a seeded demonstration-type tag (1115 name held per SME)
70,1486,dac3f05e-1815-4d03-8066-5aa5c1c7ff4a,Medicaid Redesign Team,Health and Recovery Plan,free-text name is not a seeded demonstration-type tag (1115 name held per SME)
71,1486,dac3f05e-1815-4d03-8066-5aa5c1c7ff4a,Medicaid Redesign Team,Mainstream Medicaid Managed Care Porgram (MMMC),free-text name is not a seeded demonstration-type tag (1115 name held per SME)
72,1485,13fbcf4d-aaac-4d6f-9c56-1c7de963b003,Oregon Health Plan,Hospital Transformation Peformance Program,free-text name is not a seeded demonstration-type tag (1115 name held per SME)
73,1485,13fbcf4d-aaac-4d6f-9c56-1c7de963b003,Oregon Health Plan,Oregon Health Plan,free-text name is not a seeded demonstration-type tag (1115 name held per SME)
89,2446,,,Marina,free-text name is not a seeded demonstration-type tag (1115 name held per SME); parent demonstration not migrated
91,2265,5c9f465d-0d82-45dc-b417-a9f37d22aeca,TennCare III,Comprehensive demonstration,free-text name is not a seeded demonstration-type tag (1115 name held per SME)
92,2266,0181f074-ee92-420b-822d-aedfadcd4c7d,Arizona Health Care Cost Containment System AHCCCS,Targeted Investment payments,free-text name is not a seeded demonstration-type tag (1115 name held per SME)
99,2441,dcdd103d-91da-441d-bd81-3aebf0b31e37,TEAMKY,Change in Circumstance Non-Eligibility Period,free-text name is not a seeded demonstration-type tag (1115 name held per SME)
100,2441,dcdd103d-91da-441d-bd81-3aebf0b31e37,TEAMKY,Redetermination Non-Eligibility Period,free-text name is not a seeded demonstration-type tag (1115 name held per SME)
102,2266,0181f074-ee92-420b-822d-aedfadcd4c7d,Arizona Health Care Cost Containment System AHCCCS,Foster care children,free-text name is not a seeded demonstration-type tag (1115 name held per SME)
104,1943,c7c07fe5-ac27-4296-9440-13916aa30f3a,HealthChoice,Increased Community Services Program,free-text name is not a seeded demonstration-type tag (1115 name held per SME)
106,2470,,,CHIP Premiums Assistance,free-text name is not a seeded demonstration-type tag (1115 name held per SME); parent demonstration not migrated
108,2529,d74e616c-e6db-4410-9ce1-eadd02eca4e5,Oregon Health Plan Substance Use Disorder 1115 Demonstration,Community Integration Services,free-text name is not a seeded demonstration-type tag (1115 name held per SME)
109,1573,9784d73b-3a5d-4f65-9749-34cc7058c050,Montana Health and Economic Livelihood Partnership HELP Program,Premiums,free-text name is not a seeded demonstration-type tag (1115 name held per SME)
115,2520,bb46787a-42bc-417f-a7b8-cdef0fda771f,Expanding the Substance Use Disorder Continuum of Care,CO ROP Extension COVID-19 PHE Demonstration Amendment,free-text name is not a seeded demonstration-type tag (1115 name held per SME)
123,2537,7c9256d8-ff1b-4208-a542-9c2485ea95d7,Missouri Targeted Benefits for Postpartum Women (TBPW),Postpartum Services,free-text name is not a seeded demonstration-type tag (1115 name held per SME)
148,2592,c018c553-bf3d-4713-97a6-5aa5d2952c59,Covered Connecticut,NEMT,free-text name is not a seeded demonstration-type tag (1115 name held per SME)
214,2265,5c9f465d-0d82-45dc-b417-a9f37d22aeca,TennCare III,DSH,free-text name is not a seeded demonstration-type tag (1115 name held per SME)
221,1633,b948eef7-7d1c-44a1-bce9-264e1bd1adbd,Managed Medical Assistance,Housing Supports,free-text name is not a seeded demonstration-type tag (1115 name held per SME)
222,2459,7d0bd82d-b71e-48a5-885c-0e6efbccb57b,Alaska Behavioral Health Reform,Alaska COVID-19 PCS Amendment,free-text name is not a seeded demonstration-type tag (1115 name held per SME)
223,2529,d74e616c-e6db-4410-9ce1-eadd02eca4e5,Oregon Health Plan Substance Use Disorder 1115 Demonstration,BHP,free-text name is not a seeded demonstration-type tag (1115 name held per SME)
224,1818,ec46307f-ec7b-4e65-a15e-bb1c3d360114,Turquoise Care,Turquoise Care Demonstration Extension,free-text name is not a seeded demonstration-type tag (1115 name held per SME)
225,1818,ec46307f-ec7b-4e65-a15e-bb1c3d360114,Turquoise Care,Traditional Health Care Practices Amendment,free-text name is not a seeded demonstration-type tag (1115 name held per SME)
226,2441,dcdd103d-91da-441d-bd81-3aebf0b31e37,TEAMKY,Recovery Residence Support Services,free-text name is not a seeded demonstration-type tag (1115 name held per SME)
227,2457,e9225e11-2ed6-4c44-b08b-497ff585e349,North Carolina Medicaid Reform Demonstration,HIT,free-text name is not a seeded demonstration-type tag (1115 name held per SME)
228,2457,e9225e11-2ed6-4c44-b08b-497ff585e349,North Carolina Medicaid Reform Demonstration,Workforce,free-text name is not a seeded demonstration-type tag (1115 name held per SME)
229,2644,a6c8c1b0-0a39-40ae-b9cc-f00018e3e41a,Behavioral Health Community-Based Organized Networks of Equitable Care and Treatment-BH-CONNECT,Incentive Program,free-text name is not a seeded demonstration-type tag (1115 name held per SME)
230,2644,a6c8c1b0-0a39-40ae-b9cc-f00018e3e41a,Behavioral Health Community-Based Organized Networks of Equitable Care and Treatment-BH-CONNECT,Workforce,free-text name is not a seeded demonstration-type tag (1115 name held per SME)
231,2451,fc8af835-194a-4fdb-a3db-750a7af79998,Evolving West Virginia Medicaid’s Behavioral Health Continuum of Care,Lock,free-text name is not a seeded demonstration-type tag (1115 name held per SME)
232,1786,83c3e37c-2043-4d84-ba05-c305d78b230b,Minnesota Reform,AC Program,free-text name is not a seeded demonstration-type tag (1115 name held per SME)
233,2422,a4c7e4c0-c0d3-4f12-8b13-3d259379ccdc,Medicaid Transformation Project,Presumptive Eligibility for HCBS,free-text name is not a seeded demonstration-type tag (1115 name held per SME)
235,1458,674aac2b-0390-4171-8c9d-4c1c3c03a8e6,CalAIM,N/A,free-text name is not a seeded demonstration-type tag (1115 name held per SME)
236,1458,674aac2b-0390-4171-8c9d-4c1c3c03a8e6,CalAIM,Other,free-text name is not a seeded demonstration-type tag (1115 name held per SME)
237,1639,6121bb37-1f43-4709-be1d-7e2e0e1524e4,Hawaii QUEST Integration,Other,free-text name is not a seeded demonstration-type tag (1115 name held per SME)
238,2647,71bd7472-26c4-4cd1-a1fd-d23bc11cf9e0,North Carolina Hurricane Helene PHE Demonstration,PHE,free-text name is not a seeded demonstration-type tag (1115 name held per SME)
